season,team,player,Nationality,type
2024,SRH,Aiden Markram,Overseas,All-Rounder
2023,SRH,Aiden Markram,Overseas,All-Rounder
2024,CSK,Ajay Mandal,Indian,All-Rounder
2016,MI,Akshay Wakhare,Indian,All-Rounder
2016,DD,Albie Morkel,Overseas,All-Rounder
2025,KKR,Andre Russell,Overseas,All-Rounder
2024,KKR,Andre Russell,Overseas,All-Rounder
2023,KKR,Andre Russell,Overseas,All-Rounder
2022,KKR,Andre Russell,Overseas,All-Rounder
2021,KKR,Andre Russell,Overseas,All-Rounder
2020,KKR,Andre Russell,Overseas,All-Rounder
2019,KKR,Andre Russell,Overseas,All-Rounder
2018,KKR,Andre Russell,Overseas,All-Rounder
2017,KKR,Andre Russell,Overseas,All-Rounder
2016,KKR,Andre Russell,Overseas,All-Rounder
2024,MI,Arjun  Tendulkar,Indian,All-Rounder
2023,MI,Arjun  Tendulkar,Indian,All-Rounder
2016,SRH,Ashish Reddy,Indian,All-Rounder
2025,DC,Axar Rajesh Patel,Indian,All-Rounder
2024,DC,Axar Rajesh Patel,Indian,All-Rounder
2023,DC,Axar Rajesh Patel,Indian,All-Rounder
2022,DC,Axar Rajesh Patel,Indian,All-Rounder
2021,DC,Axar Rajesh Patel,Indian,All-Rounder
2020,DC,Axar Rajesh Patel,Indian,All-Rounder
2018,KXIP,Axar Rajesh Patel,Indian,All-Rounder
2017,KXIP,Axar Rajesh Patel,Indian,All-Rounder
2016,KXIP,Axar Rajesh Patel,Indian,All-Rounder
2019,MI,Ben Cutting,Overseas,All-Rounder
2017,SRH,Ben Cutting,Overseas,All-Rounder
2021,RR,Benjamin Stokes,Overseas,All-Rounder
2020,RR,Benjamin Stokes,Overseas,All-Rounder
2019,RR,Benjamin Stokes,Overseas,All-Rounder
2017,SRH,Bipul Sharma,Indian,All-Rounder
2016,SRH,Bipul Sharma,Indian,All-Rounder
2016,KKR,Brad Hogg,Overseas,All-Rounder
2024,MI,Cameron Green,Overseas,All-Rounder
2017,DD,Carlos Brathwaite,Overseas,All-Rounder
2019,CSK,Chaitanya Bishnoi,Indian,All-Rounder
2021,KXIP,Chris Jordan,Overseas,All-Rounder
2021,DC,Chris Woakes,Overseas,All-Rounder
2019,DC,Christopher Morris,Overseas,All-Rounder
2018,DD,Christopher Morris,Overseas,All-Rounder
2017,DD,Christopher Morris,Overseas,All-Rounder
2019,RCB,Colin  De Grandhomme,Overseas,All-Rounder
2016,MI,Corey Anderson,Overseas,All-Rounder
2021,DC,Daniel Sams,Overseas,All-Rounder
2016,RCB,David Wiese,Overseas,All-Rounder
2023,RCB,David Willey,Overseas,All-Rounder
2019,CSK,David Willey,Overseas,All-Rounder
2024,LSG,Deepak Hooda,Indian,All-Rounder
2023,LSG,Deepak Hooda,Indian,All-Rounder
2021,KXIP,Deepak Hooda,Indian,All-Rounder
2019,SRH,Deepak Hooda,Indian,All-Rounder
2017,SRH,Deepak Hooda,Indian,All-Rounder
2024,RR,Donovan Ferreira,Overseas,All-Rounder
2023,CSK,Dwaine Pretorius,Overseas,All-Rounder
2021,CSK,Dwayne Bravo,Overseas,All-Rounder
2020,CSK,Dwayne Bravo,Overseas,All-Rounder
2019,CSK,Dwayne Bravo,Overseas,All-Rounder
2017,GL,Dwayne Bravo,Overseas,All-Rounder
2016,GL,Dwayne Bravo,Overseas,All-Rounder
2024,SRH,Fazalhaq Farooqi,Overseas,All-Rounder
2023,SRH,Fazalhaq Farooqi,Overseas,All-Rounder
2024,RCB,Glenn Maxwell,Overseas,All-Rounder
2023,RCB,Glenn Maxwell,Overseas,All-Rounder
2022,RCB,Glenn Maxwell,Overseas,All-Rounder
2017,KXIP,Glenn Maxwell,Overseas,All-Rounder
2016,KXIP,Glenn Maxwell,Overseas,All-Rounder
2024,SRH,Glenn Phillips,Overseas,All-Rounder
2023,SRH,Glenn Phillips,Overseas,All-Rounder
2016,KXIP,Gurkeerat Singh,Indian,All-Rounder
2020,RCB,Gurkeerat Singh Mann,Indian,All-Rounder
2017,KXIP,Gurkeerat Singh Mann,Indian,All-Rounder
2025,MI,Hardik Pandya,Indian,All-Rounder
2024,GT,Hardik Pandya,Indian,All-Rounder
2023,GT,Hardik Pandya,Indian,All-Rounder
2022,GT,Hardik Pandya,Indian,All-Rounder
2021,MI,Hardik Pandya,Indian,All-Rounder
2020,MI,Hardik Pandya,Indian,All-Rounder
2019,MI,Hardik Pandya,Indian,All-Rounder
2018,MI,Hardik Pandya,Indian,All-Rounder
2017,MI,Hardik Pandya,Indian,All-Rounder
2016,MI,Hardik Pandya,Indian,All-Rounder
2023,RCB,Harshal Patel,Indian,All-Rounder
2021,DC,Harshal Patel,Indian,All-Rounder
2020,DC,Harshal Patel,Indian,All-Rounder
2019,DC,Harshal Patel,Indian,All-Rounder
2017,RCB,Harshal Patel,Indian,All-Rounder
2016,RCB,Harshal Patel,Indian,All-Rounder
2017,RCB,Iqbal Abdullah,Indian,All-Rounder
2020,KXIP,Jagadeesha Suchith,Indian,All-Rounder
2017,MI,Jagadeesha Suchith,Indian,All-Rounder
2016,MI,Jagadeesha Suchith,Indian,All-Rounder
2017,GL,James Faulkner,Overseas,All-Rounder
2016,GL,James Faulkner,Overseas,All-Rounder
2021,SRH,Jason Holder,Overseas,All-Rounder
2021,RR,Jaydev Unadkat,Indian,All-Rounder
2017,DD,Jean-Paul Duminy,Overseas,All-Rounder
2016,DD,Jean-Paul Duminy,Overseas,All-Rounder
2020,CSK,Kedar Jadhav,Indian,All-Rounder
2019,CSK,Kedar Jadhav,Indian,All-Rounder
2017,RCB,Kedar Jadhav,Indian,All-Rounder
2016,RCB,Kedar Jadhav,Indian,All-Rounder
2022,MI,Kieron Pollard,Overseas,All-Rounder
2021,MI,Kieron Pollard,Overseas,All-Rounder
2020,MI,Kieron Pollard,Overseas,All-Rounder
2019,MI,Kieron Pollard,Overseas,All-Rounder
2017,MI,Kieron Pollard,Overseas,All-Rounder
2016,MI,Kieron Pollard,Overseas,All-Rounder
2024,LSG,Krunal Pandya,Indian,All-Rounder
2023,LSG,Krunal Pandya,Indian,All-Rounder
2021,MI,Krunal Pandya,Indian,All-Rounder
2020,MI,Krunal Pandya,Indian,All-Rounder
2019,MI,Krunal Pandya,Indian,All-Rounder
2017,MI,Krunal Pandya,Indian,All-Rounder
2024,DC,Lalit Yadav,Indian,All-Rounder
2023,DC,Lalit Yadav,Indian,All-Rounder
2021,DC,Lalit Yadav,Indian,All-Rounder
2024,PBKS,Liam Livingstone,Overseas,All-Rounder
2023,PBKS,Liam Livingstone,Overseas,All-Rounder
2024,RCB,Manoj Bhandage,Indian,All-Rounder
2024,SRH,Marco Jansen,Overseas,All-Rounder
2023,SRH,Marco Jansen,Overseas,All-Rounder
2024,LSG,Marcus Stoinis,Overseas,All-Rounder
2023,LSG,Marcus Stoinis,Overseas,All-Rounder
2022,LSG,Marcus Stoinis,Overseas,All-Rounder
2021,DC,Marcus Stoinis,Overseas,All-Rounder
2019,RCB,Marcus Stoinis,Overseas,All-Rounder
2017,KXIP,Marcus Stoinis,Overseas,All-Rounder
2024,DC,Mitchell Marsh,Overseas,All-Rounder
2023,DC,Mitchell Marsh,Overseas,All-Rounder
2021,SRH,Mitchell Marsh,Overseas,All-Rounder
2017,RPS,Mitchell Marsh,Overseas,All-Rounder
2024,CSK,Mitchell Santner,Overseas,All-Rounder
2023,CSK,Mitchell Santner,Overseas,All-Rounder
2021,CSK,Mitchell Santner,Overseas,All-Rounder
2020,CSK,Mitchell Santner,Overseas,All-Rounder
2019,CSK,Mitchell Santner,Overseas,All-Rounder
2024,CSK,Moeen Ali,Overseas,All-Rounder
2023,CSK,Moeen Ali,Overseas,All-Rounder
2022,CSK,Moeen Ali,Overseas,All-Rounder
2020,RCB,Moeen Ali,Overseas,All-Rounder
2019,RCB,Moeen Ali,Overseas,All-Rounder
2021,SRH,Mohammad Nabi,Overseas,All-Rounder
2020,SRH,Mohammad Nabi,Overseas,All-Rounder
2019,SRH,Mohammad Nabi,Overseas,All-Rounder
2016,KKR,Morne Morkel,Overseas,All-Rounder
2019,RCB,Nathan Coulter-Nile,Overseas,All-Rounder
2016,DD,Nathan Coulter-Nile,Overseas,All-Rounder
2024,CSK,Nishant Sindhu,Indian,All-Rounder
2025,SRH,Nitish Kumar Reddy,Indian,All-Rounder
2024,SRH,Nitish Kumar Reddy,Indian,All-Rounder
2017,KXIP,Pardeep Sahu,Indian,All-Rounder
2016,SRH,Parvez Rasool,Overseas,All-Rounder
2025,SRH,Pat Cummins,Overseas,All-Rounder
2021,KKR,Pat Cummins,Overseas,All-Rounder
2020,RCB,Pawan Negi,Indian,All-Rounder
2019,RCB,Pawan Negi,Indian,All-Rounder
2024,LSG,Prerak Mankad,Indian,All-Rounder
2025,GT,Rahul Tewatia,Indian,All-Rounder
2024,GT,Rahul Tewatia,Indian,All-Rounder
2023,GT,Rahul Tewatia,Indian,All-Rounder
2021,RR,Rahul Tewatia,Indian,All-Rounder
2020,RR,Rahul Tewatia,Indian,All-Rounder
2019,DC,Rahul Tewatia,Indian,All-Rounder
2023,PBKS,Raj Angad Bawa,Indian,All-Rounder
2024,CSK,Rajvardhan Hangargekar,Indian,All-Rounder
2023,CSK,Rajvardhan Hangargekar,Indian,All-Rounder
2025,KKR,Ramandeep  Singh,Indian,All-Rounder
2023,MI,Ramandeep  Singh,Indian,All-Rounder
2024,RR,Ravichandaran Ashwin,Indian,All-Rounder
2023,RR,Ravichandaran Ashwin,Indian,All-Rounder
2021,DC,Ravichandaran Ashwin,Indian,All-Rounder
2017,RPS,Ravichandaran Ashwin,Indian,All-Rounder
2016,RPS,Ravichandaran Ashwin,Indian,All-Rounder
2020,DC,Ravichandran Ashwin,Indian,All-Rounder
2019,KXIP,Ravichandran Ashwin,Indian,All-Rounder
2025,CSK,Ravindra Jadeja,Indian,All-Rounder
2024,CSK,Ravindra Jadeja,Indian,All-Rounder
2023,CSK,Ravindra Jadeja,Indian,All-Rounder
2022,CSK,Ravindra Jadeja,Indian,All-Rounder
2021,CSK,Ravindra Jadeja,Indian,All-Rounder
2020,CSK,Ravindra Jadeja,Indian,All-Rounder
2019,CSK,Ravindra Jadeja,Indian,All-Rounder
2018,CSK,Ravindra Jadeja,Indian,All-Rounder
2017,GL,Ravindra Jadeja,Indian,All-Rounder
2016,GL,Ravindra Jadeja,Indian,All-Rounder
2025,RR,Riyan Parag,Indian,All-Rounder
2024,RR,Riyan Parag,Indian,All-Rounder
2023,RR,Riyan Parag,Indian,All-Rounder
2021,RR,Riyan Parag,Indian,All-Rounder
2020,RR,Riyan Parag,Indian,All-Rounder
2024,MI,Romario Shepherd,Overseas,All-Rounder
2023,DC,Rovman Powell,Overseas,All-Rounder
2024,PBKS,Sam Curran,Overseas,All-Rounder
2021,CSK,Sam Curran,Overseas,All-Rounder
2024,SRH,Sanvir Singh,Indian,All-Rounder
2019,SRH,Shakib Al Hasan,Overseas,All-Rounder
2017,KKR,Shakib Al Hasan,Overseas,All-Rounder
2016,KKR,Shakib Al Hasan,Overseas,All-Rounder
2020,CSK,Shane Watson,Indian,All-Rounder
2019,CSK,Shane Watson,Overseas,All-Rounder
2017,RCB,Shane Watson,Overseas,All-Rounder
2020,MI,Sherfane Rutherford,Overseas,All-Rounder
2025,CSK,Shivam Dube,Indian,All-Rounder
2024,CSK,Shivam Dube,Indian,All-Rounder
2023,CSK,Shivam Dube,Indian,All-Rounder
2020,RCB,Shivam Dube,Indian,All-Rounder
2024,PBKS,Shivam Singh,Indian,All-Rounder
2024,PBKS,Sikandar Raza,Overseas,All-Rounder
2019,RR,Stuart Binny,Indian,All-Rounder
2017,RCB,Stuart Binny,Indian,All-Rounder
2025,KKR,Sunil Narine,Overseas,All-Rounder
2024,KKR,Sunil Narine,Overseas,All-Rounder
2023,KKR,Sunil Narine,Overseas,All-Rounder
2022,KKR,Sunil Narine,Overseas,All-Rounder
2021,KKR,Sunil Narine,Overseas,All-Rounder
2020,KKR,Sunil Narine,Overseas,All-Rounder
2019,KKR,Sunil Narine,Overseas,All-Rounder
2018,KKR,Sunil Narine,Overseas,All-Rounder
2017,KKR,Sunil Narine,Overseas,All-Rounder
2016,KKR,Sunil Narine,Overseas,All-Rounder
2021,CSK,Suresh Raina,Indian,All-Rounder
2020,CSK,Suresh Raina,Indian,All-Rounder
2019,CSK,Suresh Raina,Indian,All-Rounder
2018,CSK,Suresh Raina,Indian,All-Rounder
2017,GL,Suresh Raina,Indian,All-Rounder
2016,GL,Suresh Raina,Indian,All-Rounder
2025,SRH,Travis Head,Overseas,All-Rounder
2017,RCB,Travis Head,Overseas,All-Rounder
2024,KKR,Venkatesh Iyer,Indian,All-Rounder
2023,KKR,Venkatesh Iyer,Indian,All-Rounder
2022,KKR,Venkatesh Iyer,Indian,All-Rounder
2024,GT,Vijay Shankar,Indian,All-Rounder
2023,GT,Vijay Shankar,Indian,All-Rounder
2021,SRH,Vijay Shankar,Indian,All-Rounder
2020,SRH,Vijay Shankar,Indian,All-Rounder
2017,SRH,Vijay Shankar,Indian,All-Rounder
2023,RCB,Wanindu Hasaranga,Overseas,All-Rounder
2024,SRH,Washington Sundar,Indian,All-Rounder
2023,SRH,Washington Sundar,Indian,All-Rounder
2021,RCB,Washington Sundar,Indian,All-Rounder
2020,RCB,Washington Sundar,Indian,All-Rounder
2019,RCB,Washington Sundar,Indian,All-Rounder
2024,RCB,Will Jacks,Overseas,All-Rounder
2019,SRH,Yusuf Pathan,Indian,All-Rounder
2017,KKR,Yusuf Pathan,Indian,All-Rounder
2016,KKR,Yusuf Pathan,Indian,All-Rounder
2017,SRH,Yuvraj Singh,Indian,All-Rounder
2017,GL,Aaron Finch,Overseas,Batter
2024,SRH,Abdul Samad,Indian,Batter
2023,SRH,Abdul Samad,Indian,Batter
2022,SRH,Abdul Samad,Indian,Batter
2021,SRH,Abdul Samad,Indian,Batter
2017,SRH,Abhimanyu Mithun,Indian,Batter
2024,GT,Abhinav Sadarangani,Indian,Batter
2023,GT,Abhinav Sadarangani,Indian,Batter
2025,SRH,Abhishek Sharma,Indian,Batter
2024,SRH,Abhishek Sharma,Indian,Batter
2023,SRH,Abhishek Sharma,Indian,Batter
2021,SRH,Abhishek Sharma,Indian,Batter
2020,SRH,Abhishek Sharma,Indian,Batter
2021,MI,Aditya Tare,Indian,Batter
2020,MI,Aditya Tare,Indian,Batter
2019,MI,Aditya Tare,Indian,Batter
2024,CSK,Ajinkya Rahane,Indian,Batter
2021,DC,Ajinkya Rahane,Indian,Batter
2020,DC,Ajinkya Rahane,Indian,Batter
2019,RR,Ajinkya Rahane,Indian,Batter
2017,RPS,Ajinkya Rahane,Indian,Batter
2016,RPS,Ajinkya Rahane,Indian,Batter
2024,SRH,Anmolpreet Singh,Indian,Batter
2021,MI,Anmolpreet Singh,Indian,Batter
2020,MI,Anmolpreet Singh,Indian,Batter
2024,RCB,Anuj Rawat,Indian,Batter
2023,RCB,Anuj Rawat,Indian,Batter
2021,RR,Anuj Rawat,Indian,Batter
2017,KXIP,Armaan Jaffer,Indian,Batter
2019,RR,Aryaman Vikram Birla,Indian,Batter
2024,PBKS,Atharva Taide,Indian,Batter
2023,PBKS,Atharva Taide,Indian,Batter
2025,LSG,Ayush Badoni,Indian,Batter
2024,LSG,Ayush Badoni,Indian,Batter
2023,LSG,Ayush Badoni,Indian,Batter
2025,GT,B. Sai Sudharsan,Indian,Batter
2024,GT,B. Sai Sudharsan,Indian,Batter
2023,GT,B. Sai Sudharsan,Indian,Batter
2017,RPS,Baba Aparajith,Indian,Batter
2021,KXIP,Chris Gayle,Overseas,Batter
2020,KXIP,Chris Gayle,Overseas,Batter
2019,KXIP,Chris Gayle,Overseas,Batter
2017,RCB,Chris Gayle,Overseas,Batter
2016,RCB,Chris Gayle,Overseas,Batter
2021,MI,Chris Lynn,Overseas,Batter
2019,KKR,Chris Lynn,Overseas,Batter
2017,KKR,Chris Lynn,Overseas,Batter
2016,KKR,Chris Lynn,Overseas,Batter
2019,DC,Colin Munro,Overseas,Batter
2024,GT,David Miller,Overseas,Batter
2023,GT,David Miller,Overseas,Batter
2021,RR,David Miller,Overseas,Batter
2019,KXIP,David Miller,Overseas,Batter
2017,KXIP,David Miller,Overseas,Batter
2016,KXIP,David Miller,Overseas,Batter
2016,SRH,David Miller,Overseas,Batter
2024,DC,David Warner,Overseas,Batter
2023,DC,David Warner,Overseas,Batter
2021,SRH,David Warner,Overseas,Batter
2020,SRH,David Warner,Overseas,Batter
2019,SRH,David Warner,Overseas,Batter
2018,SRH,David Warner,Overseas,Batter
2017,SRH,David Warner,Overseas,Batter
2024,LSG,Devdutt Padikkal,Indian,Batter
2023,RR,Devdutt Padikkal,Indian,Batter
2021,RCB,Devdutt Padikkal,Indian,Batter
2020,RCB,Devdutt Padikkal,Indian,Batter
2024,MI,Dewald Brevis,Overseas,Batter
2023,MI,Dewald Brevis,Overseas,Batter
2019,CSK,Dhruv Shorey,Indian,Batter
2017,GL,Dwayne Smith,Overseas,Batter
2021,KKR,Eoin Morgan,Overseas,Batter
2016,SRH,Eoin Morgan,Overseas,Batter
2024,RCB,Faf Du Plessis,Overseas,Batter
2023,RCB,Faf Du Plessis,Overseas,Batter
2021,CSK,Faf Du Plessis,Overseas,Batter
2020,CSK,Faf Du Plessis,Overseas,Batter
2019,CSK,Faf Du Plessis,Overseas,Batter
2017,RPS,Faf Du Plessis,Overseas,Batter
2016,RPS,Faf Du Plessis,Overseas,Batter
2023,RCB,Finn Allen,Overseas,Batter
2017,KKR,Gautam Gambhir,Indian,Batter
2016,KKR,Gautam Gambhir,Indian,Batter
2024,PBKS,Harpreet Bhatia,Indian,Batter
2017,KXIP,Hashim Amla,Overseas,Batter
2025,SRH,Heinrich Klaasen,Overseas,Batter
2024,SRH,Heinrich Klaasen,Overseas,Batter
2024,KKR,Jason Roy,Overseas,Batter
2023,MI,Jofra Archer,Overseas,Batter
2021,RR,Jofra Archer,Overseas,Batter
2020,RR,Jofra Archer,Overseas,Batter
2019,RR,Jofra Archer,Overseas,Batter
2024,GT,Kane Williamson,Overseas,Batter
2022,SRH,Kane Williamson,Overseas,Batter
2021,SRH,Kane Williamson,Overseas,Batter
2020,SRH,Kane Williamson,Overseas,Batter
2019,SRH,Kane Williamson,Overseas,Batter
2017,SRH,Kane Williamson,Overseas,Batter
2016,SRH,Kane Williamson,Overseas,Batter
2020,KXIP,Karun Nair,Indian,Batter
2019,KXIP,Karun Nair,Indian,Batter
2017,DD,Karun Nair,Indian,Batter
2024,LSG,Kyle Mayers,Indian,Batter
2023,LSG,Kyle Mayers,Indian,Batter
2017,MI,Lendl Simmons,Overseas,Batter
2016,MI,Lendl Simmons,Overseas,Batter
2024,RCB,Mahipal Lomror,Indian,Batter
2023,RCB,Mahipal Lomror,Indian,Batter
2021,RR,Mahipal Lomror,Indian,Batter
2020,RR,Mahipal Lomror,Indian,Batter
2019,RR,Mahipal Lomror,Indian,Batter
2023,LSG,Manan Vohra,Indian,Batter
2021,RR,Manan Vohra,Indian,Batter
2020,RR,Manan Vohra,Indian,Batter
2017,KXIP,Manan Vohra,Indian,Batter
2016,KXIP,Manan Vohra,Indian,Batter
2021,KXIP,Mandeep Singh,Indian,Batter
2020,KXIP,Mandeep Singh,Indian,Batter
2019,KXIP,Mandeep Singh,Indian,Batter
2017,RCB,Mandeep Singh,Indian,Batter
2016,RCB,Mandeep Singh,Indian,Batter
2021,SRH,Manish Pandey,Indian,Batter
2020,SRH,Manish Pandey,Indian,Batter
2019,SRH,Manish Pandey,Indian,Batter
2017,KKR,Manish Pandey,Indian,Batter
2016,KKR,Manish Pandey,Indian,Batter
2019,DC,Manjot Kalra,Indian,Batter
2024,SRH,Mayank Agarwal,Indian,Batter
2022,PBKS,Mayank Agarwal,Indian,Batter
2021,KXIP,Mayank Agarwal,Indian,Batter
2020,KXIP,Mayank Agarwal,Indian,Batter
2019,KXIP,Mayank Agarwal,Indian,Batter
2017,DD,Mayank Agarwal,Indian,Batter
2016,DD,Mayank Agarwal,Indian,Batter
2024,RCB,Mayank Dagar,Indian,Batter
2017,SRH,Moises Henriques,Overseas,Batter
2016,SRH,Moises Henriques,Overseas,Batter
2020,CSK,Murali Vijay,Indian,Batter
2019,CSK,Murali Vijay,Indian,Batter
2017,KXIP,Murali Vijay,Indian,Batter
2016,KXIP,Murali Vijay,Indian,Batter
2025,MI,N. Tilak Varma,Indian,Batter
2024,MI,N. Tilak Varma,Indian,Batter
2023,MI,N. Tilak Varma,Indian,Batter
2024,MI,Nehal Wadhera,Indian,Batter
2024,KKR,Nitish Rana,Indian,Batter
2023,KKR,Nitish Rana,Indian,Batter
2021,KKR,Nitish Rana,Indian,Batter
2020,KKR,Nitish Rana,Indian,Batter
2019,KKR,Nitish Rana,Indian,Batter
2017,MI,Nitish Rana,Indian,Batter
2016,MI,Nitish Rana,Indian,Batter
2024,DC,Prithvi Shaw,Indian,Batter
2023,DC,Prithvi Shaw,Indian,Batter
2022,DC,Prithvi Shaw,Indian,Batter
2021,DC,Prithvi Shaw,Indian,Batter
2020,DC,Prithvi Shaw,Indian,Batter
2019,DC,Prithvi Shaw,Indian,Batter
2021,SRH,Priyam Garg,Indian,Batter
2024,SRH,Rahul Ajay Tripathi,Indian,Batter
2023,SRH,Rahul Ajay Tripathi,Indian,Batter
2021,KKR,Rahul Ajay Tripathi,Indian,Batter
2019,RR,Rahul Ajay Tripathi,Indian,Batter
2025,RCB,Rajat Patidar,Indian,Batter
2024,RCB,Rajat Patidar,Indian,Batter
2023,RCB,Rajat Patidar,Indian,Batter
2019,SRH,Ricky Bhui,Indian,Batter
2017,SRH,Ricky Bhui,Indian,Batter
2016,SRH,Ricky Bhui,Indian,Batter
2025,KKR,Rinku Singh,Indian,Batter
2024,KKR,Rinku Singh,Indian,Batter
2023,KKR,Rinku Singh,Indian,Batter
2021,KKR,Rinku Singh,Indian,Batter
2020,KKR,Rinku Singh,Indian,Batter
2019,KKR,Rinku Singh,Indian,Batter
2023,DC,Ripal Patel,Indian,Batter
2025,MI,Rohit Sharma,Indian,Batter
2024,MI,Rohit Sharma,Indian,Batter
2023,MI,Rohit Sharma,Indian,Batter
2022,MI,Rohit Sharma,Indian,Batter
2021,MI,Rohit Sharma,Indian,Batter
2020,MI,Rohit Sharma,Indian,Batter
2019,MI,Rohit Sharma,Indian,Batter
2018,MI,Rohit Sharma,Indian,Batter
2017,MI,Rohit Sharma,Indian,Batter
2016,MI,Rohit Sharma,Indian,Batter
2025,CSK,Ruturaj Gaikwad,Indian,Batter
2024,CSK,Ruturaj Gaikwad,Indian,Batter
2023,CSK,Ruturaj Gaikwad,Indian,Batter
2022,CSK,Ruturaj Gaikwad,Indian,Batter
2021,CSK,Ruturaj Gaikwad,Indian,Batter
2020,CSK,Ruturaj Gaikwad,Indian,Batter
2023,DC,Sarfaraz Khan,Indian,Batter
2021,KXIP,Sarfaraz Khan,Indian,Batter
2020,KXIP,Sarfaraz Khan,Indian,Batter
2018,RCB,Sarfaraz Khan,Indian,Batter
2017,RCB,Sarfaraz Khan,Indian,Batter
2016,RCB,Sarfaraz Khan,Indian,Batter
2021,MI,Saurabh Tiwary,Indian,Batter
2016,DD,Saurabh Tiwary,Indian,Batter
2025,GT,Shahrukh Khan,Indian,Batter
2023,PBKS,Shahrukh Khan,Indian,Batter
2024,CSK,Shaik Rasheed,Indian,Batter
2025,PBKS,Shashank  Singh,Indian,Batter
2020,RR,Shashank  Singh,Indian,Batter
2017,KXIP,Shaun Marsh,Overseas,Batter
2016,KXIP,Shaun Marsh,Overseas,Batter
2024,PBKS,Shikhar Dhawan,Indian,Batter
2023,PBKS,Shikhar Dhawan,Indian,Batter
2021,DC,Shikhar Dhawan,Indian,Batter
2019,DC,Shikhar Dhawan,Indian,Batter
2017,SRH,Shikhar Dhawan,Indian,Batter
2016,SRH,Shikhar Dhawan,Indian,Batter
2025,RR,Shimron Hetmyer,Overseas,Batter
2024,RR,Shimron Hetmyer,Overseas,Batter
2023,RR,Shimron Hetmyer,Overseas,Batter
2021,DC,Shimron Hetmyer,Overseas,Batter
2024,KKR,Shreyas Iyer,Indian,Batter
2023,KKR,Shreyas Iyer,Indian,Batter
2021,DC,Shreyas Iyer,Indian,Batter
2020,DC,Shreyas Iyer,Indian,Batter
2019,DC,Shreyas Iyer,Indian,Batter
2018,DD,Shreyas Iyer,Indian,Batter
2017,DD,Shreyas Iyer,Indian,Batter
2016,DD,Shreyas Iyer,Indian,Batter
2025,GT,Shubman Gill,Indian,Batter
2024,GT,Shubman Gill,Indian,Batter
2023,GT,Shubman Gill,Indian,Batter
2022,GT,Shubman Gill,Indian,Batter
2021,KKR,Shubman Gill,Indian,Batter
2020,KKR,Shubman Gill,Indian,Batter
2019,KKR,Shubman Gill,Indian,Batter
2020,KKR,Siddhesh Dinesh Lad,Indian,Batter
2019,MI,Siddhesh Dinesh Lad,Indian,Batter
2017,MI,Siddhesh Dinesh Lad,Indian,Batter
2016,MI,Siddhesh Dinesh Lad,Indian,Batter
2020,RR,Steve Smith,Overseas,Batter
2019,RR,Steve Smith,Overseas,Batter
2018,RR,Steve Smith,Overseas,Batter
2017,RPS,Steve Smith,Overseas,Batter
2016,RPS,Steve Smith,Overseas,Batter
2023,CSK,Subhranshu Senapati,Indian,Batter
2025,MI,Suryakumar Yadav,Indian,Batter
2024,MI,Suryakumar Yadav,Indian,Batter
2023,MI,Suryakumar Yadav,Indian,Batter
2022,MI,Suryakumar Yadav,Indian,Batter
2021,MI,Suryakumar Yadav,Indian,Batter
2020,MI,Suryakumar Yadav,Indian,Batter
2019,MI,Suryakumar Yadav,Indian,Batter
2017,KKR,Suryakumar Yadav,Indian,Batter
2016,KKR,Suryakumar Yadav,Indian,Batter
2024,RCB,Suyash Prabhudessai,Indian,Batter
2023,RCB,Suyash Prabhudessai,Indian,Batter
2024,MI,Tim David,Overseas,Batter
2023,MI,Tim David,Overseas,Batter
2025,DC,Tristan Stubbs,Overseas,Batter
2023,MI,Tristan Stubbs,Overseas,Batter
2016,MI,Unmukt Chand,Indian,Batter
2025,RCB,Virat Kohli,Indian,Batter
2024,RCB,Virat Kohli,Indian,Batter
2023,RCB,Virat Kohli,Indian,Batter
2022,RCB,Virat Kohli,Indian,Batter
2021,RCB,Virat Kohli,Indian,Batter
2020,RCB,Virat Kohli,Indian,Batter
2019,RCB,Virat Kohli,Indian,Batter
2018,RCB,Virat Kohli,Indian,Batter
2017,RCB,Virat Kohli,Indian,Batter
2016,RCB,Virat Kohli,Indian,Batter
2021,SRH,Virat Singh,Indian,Batter
2024,MI,Vishnu Vinod,Indian,Batter
2024,DC,Yash Dhull,Indian,Batter
2023,DC,Yash Dhull,Indian,Batter
2025,RR,Yashasvi Jaiswal,Indian,Batter
2024,RR,Yashasvi Jaiswal,Indian,Batter
2023,RR,Yashasvi Jaiswal,Indian,Batter
2022,RR,Yashasvi Jaiswal,Indian,Batter
2021,RR,Yashasvi Jaiswal,Indian,Batter
2020,DC,Shikhar Dhawan,Indian,Batter
2016,RCB,Abu Nechim,Indian,Pacer
2019,MI,Adam Milne,Overseas,Pacer
2017,RCB,Adam Milne,Overseas,Pacer
2016,RCB,Adam Milne,Overseas,Pacer
2024,RCB,Akash Deep,Indian,Pacer
2023,RCB,Akash Deep,Indian,Pacer
2024,MI,Akash Madhwal,Indian,Pacer
2023,MI,Akash Madhwal,Indian,Pacer
2023,GT,Alzarri Joseph,Overseas,Pacer
2023,DC,Aman Khan,Indian,Pacer
2021,RR,Andrew Tye,Overseas,Pacer
2019,KXIP,Andrew Tye,Overseas,Pacer
2017,GL,Andrew Tye,Overseas,Pacer
2020,RR,Ankit Singh Rajpoot,Indian,Pacer
2019,KXIP,Ankit Singh Rajpoot,Indian,Pacer
2017,KKR,Ankit Singh Rajpoot,Indian,Pacer
2024,DC,Anrich Nortje,Overseas,Pacer
2023,DC,Anrich Nortje,Overseas,Pacer
2022,DC,Anrich Nortje,Overseas,Pacer
2021,DC,Anrich Nortje,Overseas,Pacer
2017,KXIP,Anureet Singh,Indian,Pacer
2016,KXIP,Anureet Singh,Indian,Pacer
2017,RCB,Aravind Sreenath,Indian,Pacer
2016,RCB,Aravind Sreenath,Indian,Pacer
2024,PBKS,Arshdeep Singh,Indian,Pacer
2023,PBKS,Arshdeep Singh,Indian,Pacer
2022,PBKS,Arshdeep Singh,Indian,Pacer
2021,KXIP,Arshdeep Singh,Indian,Pacer
2020,KXIP,Arshdeep Singh,Indian,Pacer
2017,SRH,Ashish Nehra,Indian,Pacer
2017,RPS,Ashok Dinda,Indian,Pacer
2021,CSK,Asif K M,Indian,Pacer
2020,CSK,Asif K M,Indian,Pacer
2019,CSK,Asif K M,Indian,Pacer
2024,RR,Avesh Khan,Indian,Pacer
2023,LSG,Avesh Khan,Indian,Pacer
2021,DC,Avesh Khan,Indian,Pacer
2020,DC,Avesh Khan,Indian,Pacer
2019,DC,Avesh Khan,Indian,Pacer
2017,RCB,Avesh Khan,Indian,Pacer
2023,PBKS,Baltej Dhanda,Indian,Pacer
2017,SRH,Barinder Singh Sran,Indian,Pacer
2021,SRH,Basil Thampi,Indian,Pacer
2020,SRH,Basil Thampi,Indian,Pacer
2019,SRH,Basil Thampi,Indian,Pacer
2024,SRH,Bhuvneshwar Kumar,Indian,Pacer
2023,SRH,Bhuvneshwar Kumar,Indian,Pacer
2021,SRH,Bhuvneshwar Kumar,Indian,Pacer
2020,SRH,Bhuvneshwar Kumar,Indian,Pacer
2019,SRH,Bhuvneshwar Kumar,Indian,Pacer
2018,SRH,Bhuvneshwar Kumar,Indian,Pacer
2017,SRH,Bhuvneshwar Kumar,Indian,Pacer
2016,SRH,Bhuvneshwar Kumar,Indian,Pacer
2020,SRH,Billy Stanlake,Overseas,Pacer
2019,SRH,Billy Stanlake,Overseas,Pacer
2017,DD,C.V Milind,Indian,Pacer
2023,DC,Chetan Sakariya,Indian,Pacer
2024,GT,Darshan Nalkande,Indian,Pacer
2023,GT,Darshan Nalkande,Indian,Pacer
2021,KXIP,Darshan Nalkande,Indian,Pacer
2020,KXIP,Darshan Nalkande,Indian,Pacer
2024,CSK,Deepak Chahar,Indian,Pacer
2023,CSK,Deepak Chahar,Indian,Pacer
2021,CSK,Deepak Chahar,Indian,Pacer
2020,CSK,Deepak Chahar,Indian,Pacer
2019,CSK,Deepak Chahar,Indian,Pacer
2017,RPS,Deepak Chahar,Indian,Pacer
2017,MI,Deepak Punia,Indian,Pacer
2021,MI,Dhawal Kulkarni,Indian,Pacer
2020,MI,Dhawal Kulkarni,Indian,Pacer
2019,RR,Dhawal Kulkarni,Indian,Pacer
2017,GL,Dhawal Kulkarni,Indian,Pacer
2020,KXIP,Hardus Viljoen,Overseas,Pacer
2020,KKR,Harry Gurney,Overseas,Pacer
2025,KKR,Harshit Rana,Indian,Pacer
2024,KKR,Harshit Rana,Indian,Pacer
2023,KKR,Harshit Rana,Indian,Pacer
2021,KXIP,Ishan Porel,Indian,Pacer
2024,DC,Ishant Sharma,Indian,Pacer
2021,DC,Ishant Sharma,Indian,Pacer
2020,DC,Ishant Sharma,Indian,Pacer
2017,RPS,Ishwar Chandra Pandey,Indian,Pacer
2017,RPS,Jaskaran Singh,Overseas,Pacer
2024,MI,Jason Behrendorff,Overseas,Pacer
2023,MI,Jason Behrendorff,Overseas,Pacer
2019,MI,Jason Behrendorff,Overseas,Pacer
2025,MI,Jasprit Bumrah,Indian,Pacer
2024,MI,Jasprit Bumrah,Indian,Pacer
2023,MI,Jasprit Bumrah,Indian,Pacer
2022,MI,Jasprit Bumrah,Indian,Pacer
2021,MI,Jasprit Bumrah,Indian,Pacer
2020,MI,Jasprit Bumrah,Indian,Pacer
2019,MI,Jasprit Bumrah,Indian,Pacer
2018,MI,Jasprit Bumrah,Indian,Pacer
2017,MI,Jasprit Bumrah,Indian,Pacer
2016,MI,Jasprit Bumrah,Indian,Pacer
2017,GL,Jaydev Shah,Indian,Pacer
2023,RCB,Josh Hazlewood,Overseas,Pacer
2021,CSK,Josh Hazlewood,Overseas,Pacer
2024,GT,Joshua Little,Overseas,Pacer
2021,RCB,Joshua Philippe,Overseas,Pacer
2024,PBKS,Kagiso Rabada,Overseas,Pacer
2023,PBKS,Kagiso Rabada,Overseas,Pacer
2021,DC,Kagiso Rabada,Overseas,Pacer
2020,DC,Kagiso Rabada,Overseas,Pacer
2019,DC,Kagiso Rabada,Overseas,Pacer
2023,DC,Kamlesh Nagarkoti,Indian,Pacer
2021,KKR,Kamlesh Nagarkoti,Indian,Pacer
2020,KKR,Kamlesh Nagarkoti,Indian,Pacer
2019,KKR,Kamlesh Nagarkoti,Indian,Pacer
2021,RCB,Kane Richardson,Overseas,Pacer
2023,SRH,Kartik Tyagi,Indian,Pacer
2021,RR,Kartik Tyagi,Indian,Pacer
2024,RR,Kuldeep Sen,Indian,Pacer
2023,RR,Kuldeep Sen,Indian,Pacer
2019,RCB,Kulwant Khejroliya,Indian,Pacer
2020,MI,Lasith Malinga,Overseas,Pacer
2017,MI,Lasith Malinga,Overseas,Pacer
2016,MI,Lasith Malinga,Overseas,Pacer
2023,KKR,Lockie Ferguson,Overseas,Pacer
2021,KKR,Lockie Ferguson,Overseas,Pacer
2020,KKR,Lockie Ferguson,Overseas,Pacer
2024,DC,Lungisani Ngidi,Overseas,Pacer
2023,DC,Lungisani Ngidi,Overseas,Pacer
2021,CSK,Lungisani Ngidi,Overseas,Pacer
2020,CSK,Lungisani Ngidi,Overseas,Pacer
2019,CSK,Lungisani Ngidi,Overseas,Pacer
2016,MI,Marchant De Lange,Overseas,Pacer
2024,LSG,Mark Wood,Overseas,Pacer
2023,LSG,Mark Wood,Overseas,Pacer
2025,CSK,Matheesha Pathirana,Overseas,Pacer
2024,CSK,Matheesha Pathirana,Overseas,Pacer
2023,CSK,Matheesha Pathirana,Overseas,Pacer
2025,LSG,Mayank Yadav,Indian,Pacer
2024,LSG,Mayank Yadav,Indian,Pacer
2023,LSG,Mayank Yadav,Indian,Pacer
2016,KXIP,Mitchell Johnson,Overseas,Pacer
2020,MI,Mitchell McClenaghan,Overseas,Pacer
2019,MI,Mitchell McClenaghan,Overseas,Pacer
2017,MI,Mitchell McClenaghan,Overseas,Pacer
2016,MI,Mitchell McClenaghan,Overseas,Pacer
2017,RCB,Mitchell Starc,Overseas,Pacer
2016,RCB,Mitchell Starc,Overseas,Pacer
2024,GT,Mohammad Shami,Indian,Pacer
2023,GT,Mohammad Shami,Indian,Pacer
2017,DD,Mohammad Shami,Indian,Pacer
2016,DD,Mohammad Shami,Indian,Pacer
2021,KXIP,Mohammed Shami,Indian,Pacer
2020,KXIP,Mohammed Shami,Indian,Pacer
2024,RCB,Mohammed Siraj,Indian,Pacer
2023,RCB,Mohammed Siraj,Indian,Pacer
2022,RCB,Mohammed Siraj,Indian,Pacer
2021,RCB,Mohammed Siraj,Indian,Pacer
2020,RCB,Mohammed Siraj,Indian,Pacer
2019,RCB,Mohammed Siraj,Indian,Pacer
2023,MI,Mohd. Arshad Khan,Indian,Pacer
2024,GT,Mohit Sharma,Indian,Pacer
2017,KXIP,Mohit Sharma,Indian,Pacer
2025,LSG,Mohsin Khan,Indian,Pacer
2024,LSG,Mohsin Khan,Indian,Pacer
2023,LSG,Mohsin Khan,Indian,Pacer
2021,MI,Mohsin Khan,Indian,Pacer
2020,CSK,Monu Kumar,Indian,Pacer
2019,CSK,Monu Kumar,Indian,Pacer
2024,CSK,Mukesh Choudhary,Indian,Pacer
2023,CSK,Mukesh Choudhary,Indian,Pacer
2024,DC,Mukesh Kumar,Indian,Pacer
2023,DC,Mustafizur Rahman,Overseas,Pacer
2017,SRH,Mustafizur Rahman,Overseas,Pacer
2024,PBKS,Nathan Ellis,Overseas,Pacer
2023,PBKS,Nathan Ellis,Overseas,Pacer
2024,RR,Navdeep Saini,Indian,Pacer
2021,RCB,Navdeep Saini,Indian,Pacer
2020,RCB,Navdeep Saini,Indian,Pacer
2019,RCB,Navdeep Saini,Indian,Pacer
2024,LSG,Naveen  Ul Haq,Indian,Pacer
2023,RR,Obed Mccoy,Overseas,Pacer
2021,RCB,Pavan Deshpande,Indian,Pacer
2023,GT,Pradeep Sangwan,Indian,Pacer
2017,GL,Pradeep Sangwan,Indian,Pacer
2024,RR,Prasidh Krishna,Indian,Pacer
2023,RR,Prasidh Krishna,Indian,Pacer
2021,KKR,Prasidh Krishna,Indian,Pacer
2020,KKR,Prasidh Krishna,Indian,Pacer
2019,KKR,Prasidh Krishna,Indian,Pacer
2017,GL,Praveen Kumar,Indian,Pacer
2024,RCB,Rajan Kumar,Indian,Pacer
2017,RPS,Rajat Bhatia,Indian,Pacer
2017,MI,Ranganath Vinay Kumar,Indian,Pacer
2016,MI,Ranganath Vinay Kumar,Indian,Pacer
2024,RCB,Reece Topley,Overseas,Pacer
2024,PBKS,Rishi Dhawan,Indian,Pacer
2023,PBKS,Rishi Dhawan,Indian,Pacer
2016,KXIP,Rishi Dhawan,Indian,Pacer
2025,RR,Sandeep Sharma,Indian,Pacer
2024,RR,Sandeep Sharma,Indian,Pacer
2021,SRH,Sandeep Sharma,Indian,Pacer
2020,SRH,Sandeep Sharma,Indian,Pacer
2019,SRH,Sandeep Sharma,Indian,Pacer
2017,KXIP,Sandeep Sharma,Indian,Pacer
2016,KXIP,Sandeep Sharma,Indian,Pacer
2021,KKR,Sandeep Warrier,Indian,Pacer
2020,KKR,Sandeep Warrier,Indian,Pacer
2023,KKR,Shardul Thakur,Indian,Pacer
2021,CSK,Shardul Thakur,Indian,Pacer
2019,CSK,Shardul Thakur,Indian,Pacer
2017,KXIP,Shardul Thakur,Indian,Pacer
2016,KXIP,Shardul Thakur,Indian,Pacer
2021,KKR,Shivam  Mavi,Indian,Pacer
2020,KKR,Shivam  Mavi,Indian,Pacer
2019,KKR,Shivam  Mavi,Indian,Pacer
2023,RCB,Siddharth  Kaul,Indian,Pacer
2021,SRH,Siddharth  Kaul,Indian,Pacer
2020,SRH,Siddharth  Kaul,Indian,Pacer
2019,SRH,Siddharth  Kaul,Indian,Pacer
2017,SRH,Siddharth  Kaul,Indian,Pacer
2016,SRH,Siddharth  Kaul,Indian,Pacer
2024,CSK,Simarjeet Singh,Indian,Pacer
2023,CSK,Simarjeet Singh,Indian,Pacer
2024,DC,Syed Khaleel Ahmed,Indian,Pacer
2023,DC,Syed Khaleel Ahmed,Indian,Pacer
2021,SRH,Syed Khaleel Ahmed,Indian,Pacer
2020,SRH,Syed Khaleel Ahmed,Indian,Pacer
2019,SRH,Syed Khaleel Ahmed,Indian,Pacer
2017,DD,Syed Khaleel Ahmed,Indian,Pacer
2024,SRH,T Natarajan,Indian,Pacer
2023,SRH,T Natarajan,Indian,Pacer
2021,SRH,T Natarajan,Indian,Pacer
2020,SRH,T Natarajan,Indian,Pacer
2019,SRH,T Natarajan,Indian,Pacer
2023,KKR,Tim Southee,Overseas,Pacer
2019,RCB,Tim Southee,Overseas,Pacer
2017,MI,Tim Southee,Overseas,Pacer
2024,RR,Trent Boult,Overseas,Pacer
2023,RR,Trent Boult,Overseas,Pacer
2021,MI,Trent Boult,Overseas,Pacer
2019,DC,Trent Boult,Overseas,Pacer
2016,SRH,Trent Boult,Overseas,Pacer
2024,CSK,Tushar Deshpande,Indian,Pacer
2023,CSK,Tushar Deshpande,Indian,Pacer
2023,KKR,Umesh Yadav,Indian,Pacer
2020,RCB,Umesh Yadav,Indian,Pacer
2019,RCB,Umesh Yadav,Indian,Pacer
2017,KKR,Umesh Yadav,Indian,Pacer
2016,KKR,Umesh Yadav,Indian,Pacer
2024,SRH,Umran Malik,Indian,Pacer
2023,SRH,Umran Malik,Indian,Pacer
2022,SRH,Umran Malik,Indian,Pacer
2024,KKR,Vaibhav Arora,Indian,Pacer
2020,RR,Varun Aaron,Indian,Pacer
2016,RCB,Varun Aaron,Indian,Pacer
2024,PBKS,Vidwath Kaverappa,Indian,Pacer
2024,RCB,Vyshak Vijay Kumar,Indian,Pacer
2025,RCB,Yash Dayal,Indian,Pacer
2023,GT,Yash Dayal,Indian,Pacer
2024,LSG,Yash Thakur,Indian,Pacer
2024,LSG,Yudhvir Charak,Indian,Pacer
2017,DD,Zaheer Khan,Indian,Pacer
2016,DD,Zaheer Khan,Indian,Pacer
2023,RR,Navdeep Saini,Indian,Pacer
2024,RR,Adam Zampa,Overseas,Spinner
2021,RCB,Adam Zampa,Overseas,Spinner
2017,RPS,Adam Zampa,Overseas,Spinner
2024,LSG,Amit Mishra,Indian,Spinner
2021,DC,Amit Mishra,Indian,Spinner
2020,DC,Amit Mishra,Indian,Spinner
2019,DC,Amit Mishra,Indian,Spinner
2017,DD,Amit Mishra,Indian,Spinner
2016,DD,Amit Mishra,Indian,Spinner
2017,RPS,Ankit Sharma,Indian,Spinner
2024,KKR,Anukul Roy,Indian,Spinner
2023,KKR,Anukul Roy,Indian,Spinner
2021,MI,Anukul Roy,Indian,Spinner
2020,MI,Anukul Roy,Indian,Spinner
2019,MI,Anukul Roy,Indian,Spinner
2020,CSK,Harbhajan Singh,Indian,Spinner
2019,CSK,Harbhajan Singh,Indian,Spinner
2017,MI,Harbhajan Singh,Indian,Spinner
2016,MI,Harbhajan Singh,Indian,Spinner
2024,PBKS,Harpreet  Brar,Indian,Spinner
2023,PBKS,Harpreet  Brar,Indian,Spinner
2021,KXIP,Harpreet  Brar,Indian,Spinner
2020,KXIP,Harpreet  Brar,Indian,Spinner
2024,RCB,Himanshu Sharma,Indian,Spinner
2023,MI,Hrithik Shokeen,Indian,Spinner
2021,CSK,Imran Tahir,Overseas,Spinner
2020,CSK,Imran Tahir,Overseas,Spinner
2019,CSK,Imran Tahir,Overseas,Spinner
2016,DD,Imran Tahir,Indian,Spinner
2019,RR,Ish Sodhi,Overseas,Spinner
2024,GT,Jayant Yadav,Indian,Spinner
2023,GT,Jayant Yadav,Indian,Spinner
2021,MI,Jayant Yadav,Indian,Spinner
2020,MI,Jayant Yadav,Indian,Spinner
2019,DC,Jayant Yadav,Indian,Spinner
2017,DD,Jayant Yadav,Indian,Spinner
2016,DD,Jayant Yadav,Indian,Spinner
2023,RR,K.C. Cariappa,Indian,Spinner
2017,KXIP,K.C. Cariappa,Indian,Spinner
2023,LSG,Karan Sharma,Indian,Spinner
2024,RCB,Karn Sharma,Indian,Spinner
2023,RCB,Karn Sharma,Indian,Spinner
2021,CSK,Karn Sharma,Indian,Spinner
2020,CSK,Karn Sharma,Indian,Spinner
2019,CSK,Karn Sharma,Indian,Spinner
2016,SRH,Karn Sharma,Indian,Spinner
2020,DC,Keemo Paul,Overseas,Spinner
2024,LSG,Krishnappa Gowtham,Indian,Spinner
2023,LSG,Krishnappa Gowtham,Indian,Spinner
2020,KXIP,Krishnappa Gowtham,Indian,Spinner
2019,RR,Krishnappa Gowtham,Indian,Spinner
2025,DC,Kuldeep Yadav,Indian,Spinner
2024,DC,Kuldeep Yadav,Indian,Spinner
2023,DC,Kuldeep Yadav,Indian,Spinner
2021,KKR,Kuldeep Yadav,Indian,Spinner
2020,KKR,Kuldeep Yadav,Indian,Spinner
2019,KKR,Kuldeep Yadav,Indian,Spinner
2017,KKR,Kuldeep Yadav,Indian,Spinner
2016,KKR,Kuldeep Yadav,Indian,Spinner
2023,RR,Kuldip Yadav,Indian,Spinner
2024,MI,Kumar Kartikeya Singh,Indian,Spinner
2023,MI,Kumar Kartikeya Singh,Indian,Spinner
2024,RR,Kunal Rathore,Indian,Spinner
2021,KXIP,M. Ashwin,Indian,Spinner
2020,KXIP,M. Ashwin,Indian,Spinner
2024,CSK,Maheesh Theekshana,Overseas,Spinner
2023,CSK,Maheesh Theekshana,Overseas,Spinner
2024,SRH,Mayank Markande,Indian,Spinner
2021,RR,Mayank Markande,Indian,Spinner
2020,RR,Mayank Markande,Indian,Spinner
2019,MI,Mayank Markande,Indian,Spinner
2020,KXIP,Mujeeb Rahman,Overseas,Spinner
2019,KXIP,Mujeeb Rahman,Overseas,Spinner
2024,GT,Noor  Ahmad,Overseas,Spinner
2023,GT,Noor  Ahmad,Overseas,Spinner
2024,MI,Piyush Chawla,Indian,Spinner
2019,KKR,Piyush Chawla,Indian,Spinner
2016,KKR,Piyush Chawla,Indian,Spinner
2019,RR,Prashant Chopra,Indian,Spinner
2024,CSK,Prashant Solanki,Indian,Spinner
2023,CSK,Prashant Solanki,Indian,Spinner
2017,DD,Pratyush Singh,Indian,Spinner
2024,DC,Pravin Dubey,Indian,Spinner
2023,DC,Pravin Dubey,Indian,Spinner
2021,DC,Pravin Dubey,Indian,Spinner
2024,GT,R. Sai Kishore,Indian,Spinner
2023,GT,R. Sai Kishore,Indian,Spinner
2021,CSK,R. Sai Kishore,Indian,Spinner
2024,PBKS,Rahul Chahar,Indian,Spinner
2023,PBKS,Rahul Chahar,Indian,Spinner
2021,MI,Rahul Chahar,Indian,Spinner
2020,MI,Rahul Chahar,Indian,Spinner
2019,MI,Rahul Chahar,Indian,Spinner
2025,GT,Rashid Khan,Overseas,Spinner
2024,GT,Rashid Khan,Overseas,Spinner
2023,GT,Rashid Khan,Overseas,Spinner
2022,GT,Rashid Khan,Overseas,Spinner
2021,SRH,Rashid Khan,Overseas,Spinner
2020,SRH,Rashid Khan,Overseas,Spinner
2019,SRH,Rashid Khan,Overseas,Spinner
2025,LSG,Ravi Bishnoi,Indian,Spinner
2024,LSG,Ravi Bishnoi,Indian,Spinner
2023,LSG,Ravi Bishnoi,Indian,Spinner
2022,LSG,Ravi Bishnoi,Indian,Spinner
2021,KXIP,Ravi Bishnoi,Indian,Spinner
2019,RR,S Midhun,Indian,Spinner
2017,RCB,Sachin Baby,Indian,Spinner
2017,RCB,Samuel Badree,Overseas,Spinner
2020,DC,Sandeep Lamichhane,Overseas,Spinner
2019,DC,Sandeep Lamichhane,Overseas,Spinner
2017,GL,Shadab Jakati,Indian,Spinner
2024,SRH,Shahbaz Ahamad,Indian,Spinner
2023,RCB,Shahbaz Ahamad,Indian,Spinner
2021,RCB,Shahbaz Ahamad,Indian,Spinner
2021,SRH,Shahbaz Nadeem,Indian,Spinner
2020,SRH,Shahbaz Nadeem,Indian,Spinner
2017,DD,Shahbaz Nadeem,Indian,Spinner
2016,DD,Shahbaz Nadeem,Indian,Spinner
2024,MI,Shams Mulani,Overseas,Spinner
2017,GL,Shivil Kaushik,Indian,Spinner
2021,RR,Shreyas Gopal,Indian,Spinner
2020,RR,Shreyas Gopal,Indian,Spinner
2019,RR,Shreyas Gopal,Indian,Spinner
2017,MI,Shreyas Gopal,Indian,Spinner
2016,MI,Shreyas Gopal,Indian,Spinner
2024,KKR,Suyash Sharma,Indian,Spinner
2017,KXIP,Swapnil Singh,Indian,Spinner
2017,RCB,Tabraiz Shamsi,Overseas,Spinner
2025,KKR,Varun Chakaravarthy,Indian,Spinner
2024,KKR,Varun Chakaravarthy,Indian,Spinner
2023,KKR,Varun Chakaravarthy,Indian,Spinner
2022,KKR,Varun Chakaravarthy,Indian,Spinner
2021,KKR,Varun Chakaravarthy,Indian,Spinner
2024,DC,Vicky Ostwal,Indian,Spinner
2023,DC,Vicky Ostwal,Indian,Spinner
2024,RR,Yuzvendra Singh Chahal,Indian,Spinner
2023,RR,Yuzvendra Singh Chahal,Indian,Spinner
2021,RCB,Yuzvendra Singh Chahal,Indian,Spinner
2020,RCB,Yuzvendra Singh Chahal,Indian,Spinner
2019,RCB,Yuzvendra Singh Chahal,Indian,Spinner
2017,RCB,Yuzvendra Singh Chahal,Indian,Spinner
2016,RCB,Yuzvendra Singh Chahal,Indian,Spinner
2017,KKR,Piyush Chawla,Indian,Spinner
2021,RCB,AB de Villiers,Overseas,Wicket Keeper
2020,RCB,AB de Villiers,Overseas,Wicket Keeper
2019,RCB,AB de Villiers,Overseas,Wicket Keeper
2018,RCB,AB de Villiers,Overseas,Wicket Keeper
2017,RCB,AB de Villiers,Overseas,Wicket Keeper
2016,RCB,AB de Villiers,Overseas,Wicket Keeper
2025,DC,Abishek Porel,Indian,Wicket Keeper
2024,DC,Abishek Porel,Indian,Wicket Keeper
2023,CSK,Ambati Rayudu,Indian,Wicket Keeper
2021,CSK,Ambati Rayudu,Indian,Wicket Keeper
2020,CSK,Ambati Rayudu,Indian,Wicket Keeper
2019,CSK,Ambati Rayudu,Indian,Wicket Keeper
2017,MI,Ambati Rayudu,Indian,Wicket Keeper
2016,MI,Ambati Rayudu,Indian,Wicket Keeper
2017,RPS,Ankush Bains,Indian,Wicket Keeper
2023,PBKS,Bhanuka Rajapaksa,Indian,Wicket Keeper
2017,GL,Brendon McCullum,Overseas,Wicket Keeper
2016,GL,Brendon McCullum,Overseas,Wicket Keeper
2024,CSK,Devon Conway,Overseas,Wicket Keeper
2023,CSK,Devon Conway,Overseas,Wicket Keeper
2025,RR,Dhruv Jurel,Indian,Wicket Keeper
2024,RR,Dhruv Jurel,Indian,Wicket Keeper
2023,RR,Dhruv Jurel,Indian,Wicket Keeper
2024,RCB,Dinesh  Karthik,Indian,Wicket Keeper
2023,RCB,Dinesh  Karthik,Indian,Wicket Keeper
2021,KKR,Dinesh  Karthik,Indian,Wicket Keeper
2020,KKR,Dinesh  Karthik,Indian,Wicket Keeper
2019,KKR,Dinesh  Karthik,Indian,Wicket Keeper
2017,GL,Dinesh  Karthik,Indian,Wicket Keeper
2024,MI,Ishan Kishan,Indian,Wicket Keeper
2023,MI,Ishan Kishan,Indian,Wicket Keeper
2021,MI,Ishan Kishan,Indian,Wicket Keeper
2020,MI,Ishan Kishan,Indian,Wicket Keeper
2019,MI,Ishan Kishan,Indian,Wicket Keeper
2017,GL,Ishan Kishan,Indian,Wicket Keeper
2024,PBKS,Jitesh Sharma,Indian,Wicket Keeper
2023,PBKS,Jitesh Sharma,Indian,Wicket Keeper
2017,MI,Jitesh Sharma,Indian,Wicket Keeper
2024,PBKS,Jonny Bairstow,Overseas,Wicket Keeper
2023,PBKS,Jonny Bairstow,Overseas,Wicket Keeper
2021,SRH,Jonny Bairstow,Overseas,Wicket Keeper
2020,SRH,Jonny Bairstow,Overseas,Wicket Keeper
2024,RR,Jos  Buttler,Overseas,Wicket Keeper
2023,RR,Jos  Buttler,Overseas,Wicket Keeper
2022,RR,Jos  Buttler,Overseas,Wicket Keeper
2021,RR,Jos  Buttler,Overseas,Wicket Keeper
2020,RR,Jos  Buttler,Overseas,Wicket Keeper
2019,RR,Jos  Buttler,Overseas,Wicket Keeper
2017,MI,Jos  Buttler,Overseas,Wicket Keeper
2024,LSG,KL Rahul,Indian,Wicket Keeper
2023,LSG,KL Rahul,Indian,Wicket Keeper
2022,LSG,KL Rahul,Indian,Wicket Keeper
2021,KXIP,KL Rahul,Indian,Wicket Keeper
2020,KXIP,KL Rahul,Indian,Wicket Keeper
2019,KXIP,KL Rahul,Indian,Wicket Keeper
2017,RCB,KL Rahul,Indian,Wicket Keeper
2016,SRH,KL Rahul,Indian,Wicket Keeper
2024,GT,Matthew Wade,Overseas,Wicket Keeper
2023,GT,Matthew Wade,Overseas,Wicket Keeper
2025,CSK,MS Dhoni,Indian,Wicket Keeper
2024,CSK,MS Dhoni,Indian,Wicket Keeper
2023,CSK,MS Dhoni,Indian,Wicket Keeper
2022,CSK,MS Dhoni,Indian,Wicket Keeper
2021,CSK,MS Dhoni,Indian,Wicket Keeper
2020,CSK,MS Dhoni,Indian,Wicket Keeper
2019,CSK,MS Dhoni,Indian,Wicket Keeper
2018,CSK,MS Dhoni,Indian,Wicket Keeper
2017,RPS,MS Dhoni,Indian,Wicket Keeper
2016,RPS,MS Dhoni,Indian,Wicket Keeper
2021,CSK,N Jagadeesan,Indian,Wicket Keeper
2020,CSK,N Jagadeesan,Indian,Wicket Keeper
2019,CSK,N Jagadeesan,Indian,Wicket Keeper
2017,SRH,Naman Ojha,Indian,Wicket Keeper
2016,SRH,Naman Ojha,Indian,Wicket Keeper
2025,LSG,Nicholas Pooran,Overseas,Wicket Keeper
2024,LSG,Nicholas Pooran,Overseas,Wicket Keeper
2021,KXIP,Nicholas Pooran,Overseas,Wicket Keeper
2020,KXIP,Nicholas Pooran,Overseas,Wicket Keeper
2017,KXIP,Nikhil Shankar Naik,Indian,Wicket Keeper
2016,KXIP,Nikhil Shankar Naik,Indian,Wicket Keeper
2020,RCB,Parthiv Patel,Indian,Wicket Keeper
2019,RCB,Parthiv Patel,Indian,Wicket Keeper
2017,MI,Parthiv Patel,Indian,Wicket Keeper
2016,MI,Parthiv Patel,Indian,Wicket Keeper
2025,PBKS,Prabhsimran Singh,Indian,Wicket Keeper
2024,PBKS,Prabhsimran Singh,Indian,Wicket Keeper
2023,PBKS,Prabhsimran Singh,Indian,Wicket Keeper
2021,KXIP,Prabhsimran Singh,Indian,Wicket Keeper
2024,LSG,Quinton De Kock,Overseas,Wicket Keeper
2023,LSG,Quinton De Kock,Overseas,Wicket Keeper
2021,MI,Quinton De Kock,Overseas,Wicket Keeper
2020,MI,Quinton De Kock,Overseas,Wicket Keeper
2019,MI,Quinton De Kock,Overseas,Wicket Keeper
2017,DD,Quinton De Kock,Overseas,Wicket Keeper
2016,DD,Quinton De Kock,Overseas,Wicket Keeper
2024,KKR,Rahmanullah Gurbaz,Overseas,Wicket Keeper
2023,KKR,Rahmanullah Gurbaz,Overseas,Wicket Keeper
2024,DC,Rishabh Pant,Indian,Wicket Keeper
2023,DC,Rishabh Pant,Indian,Wicket Keeper
2022,DC,Rishabh Pant,Indian,Wicket Keeper
2021,DC,Rishabh Pant,Indian,Wicket Keeper
2020,DC,Rishabh Pant,Indian,Wicket Keeper
2019,DC,Rishabh Pant,Indian,Wicket Keeper
2018,DD,Rishabh Pant,Indian,Wicket Keeper
2017,DD,Rishabh Pant,Indian,Wicket Keeper
2021,RR,Robin Uthappa,Indian,Wicket Keeper
2019,KKR,Robin Uthappa,Indian,Wicket Keeper
2017,KKR,Robin Uthappa,Indian,Wicket Keeper
2016,KKR,Robin Uthappa,Indian,Wicket Keeper
2019,CSK,Sam Billings,Overseas,Wicket Keeper
2017,DD,Sam Billings,Overseas,Wicket Keeper
2025,RR,Sanju Samson,Indian,Wicket Keeper
2024,RR,Sanju Samson,Indian,Wicket Keeper
2023,RR,Sanju Samson,Indian,Wicket Keeper
2022,RR,Sanju Samson,Indian,Wicket Keeper
2021,RR,Sanju Samson,Indian,Wicket Keeper
2020,RR,Sanju Samson,Indian,Wicket Keeper
2019,RR,Sanju Samson,Indian,Wicket Keeper
2017,DD,Sanju Samson,Indian,Wicket Keeper
2017,KKR,Sheldon Jackson,Indian,Wicket Keeper
2016,KKR,Sheldon Jackson,Indian,Wicket Keeper
2021,SRH,Shreevats Goswami,Indian,Wicket Keeper
2020,SRH,Shreevats Goswami,Indian,Wicket Keeper
2019,SRH,Shreevats Goswami,Indian,Wicket Keeper
2021,KKR,Tim Seifert,Overseas,Wicket Keeper
2024,SRH,Upendra Singh Yadav,Indian,Wicket Keeper
2017,RPS,Usman Khawaja,Overseas,Wicket Keeper
2024,GT,Wriddhiman  Saha,Indian,Wicket Keeper
2023,GT,Wriddhiman  Saha,Indian,Wicket Keeper
2021,SRH,Wriddhiman  Saha,Indian,Wicket Keeper
2020,SRH,Wriddhiman  Saha,Indian,Wicket Keeper
2017,KXIP,Wriddhiman  Saha,Indian,Wicket Keeper
2016,KXIP,Wriddhiman  Saha,Indian,Wicket Keeper
