Sr.No.,Player Name,Winning Bid,Team,Season,Base price,Play type,,,Type,NATIONALITY
1,Noor Ahmad,100000000,CSK,2025,20000000,,,,Capped,
2,Ravichandaran Ashwin,97500000,CSK,2025,20000000,,,,Capped,
3,Devon Conway,62500000,CSK,2025,20000000,,,,Capped,
4,Syed Khaleel Ahmed,48000000,CSK,2025,20000000,,,,Capped,
5,Rachin Ravindra,40000000,CSK,2025,15000000,,,,Capped,
6,Anshul Kamboj,34000000,CSK,2025,3000000,,,,Uncapped,
7,Rahul Ajay Tripathi,34000000,CSK,2025,7500000,,,,Capped,
8,Sam Curran,24000000,CSK,2025,20000000,,,,Capped,
9,Gurjapneet Singh,22000000,CSK,2025,3000000,,,,Uncapped,
10,Nathan Ellis,20000000,CSK,2025,12500000,,,,Capped,
11,Deepak Hooda,17000000,CSK,2025,7500000,,,,Capped,
12,Jamie Overton,15000000,CSK,2025,15000000,,,,Capped,
13,Vijay Shankar,12000000,CSK,2025,3000000,,,,Uncapped,
14,Vansh Bedi,5500000,CSK,2025,3000000,,,,Uncapped,
15,Andre Siddarth,3000000,CSK,2025,3000000,,,,Uncapped,
16,Shreyas Gopal,3000000,CSK,2025,3000000,,,,Uncapped,
17,Ramakrishna Ghosh,3000000,CSK,2025,3000000,,,,Uncapped,
18,Kamlesh Nagarkoti,3000000,CSK,2025,3000000,,,,Uncapped,
19,Mukesh Choudhary,3000000,CSK,2025,3000000,,,,Uncapped,
20,Shaik Rasheed,3000000,CSK,2025,3000000,,,,Uncapped,
1,KL Rahul,140000000,DC,2025,20000000,,,,Capped,
2,Mitchell Starc,117500000,DC,2025,20000000,,,,Capped,
3,T Natarajan,107500000,DC,2025,20000000,,,,Capped,
4,Jake Fraser-Mcgurk,90000000,DC,2025,20000000,,,,Capped,
5,Mukesh Kumar,80000000,DC,2025,20000000,,,,Capped,
6,Harry Brook,62500000,DC,2025,20000000,,,,Capped,
7,Ashutosh Sharma,38000000,DC,2025,3000000,,,,Uncapped,
8,Mohit Sharma,22000000,DC,2025,5000000,,,,Uncapped,
9,Faf Du Plessis,20000000,DC,2025,20000000,,,,Capped,
10,Sameer Rizvi,9500000,DC,2025,3000000,,,,Uncapped,
11,Donovan Ferreira,7500000,DC,2025,7500000,,,,Capped,
12,Dushmantha Chameera,7500000,DC,2025,7500000,,,,Capped,
13,Vipraj Nigam,5000000,DC,2025,3000000,,,,Uncapped,
14,Karun Nair,5000000,DC,2025,3000000,,,,Uncapped,
15,Madhav Tiwari,4000000,DC,2025,3000000,,,,Uncapped,
16,Tripurana Vijay,3000000,DC,2025,3000000,,,,Uncapped,
17,Manvanth Kumar L,3000000,DC,2025,3000000,,,,Uncapped,
18,Ajay Mandal,3000000,DC,2025,3000000,,,,Uncapped,
19,Darshan Nalkande,3000000,DC,2025,3000000,,,,Uncapped,
1,Jos  Buttler,157500000,GT,2025,20000000,,,,Capped,
2,Mohammed Siraj,122500000,GT,2025,20000000,,,,Capped,
3,Kagiso Rabada,107500000,GT,2025,20000000,,,,Capped,
4,Prasidh Krishna,95000000,GT,2025,20000000,,,,Capped,
5,Washington Sundar,32000000,GT,2025,20000000,,,,Capped,
6,Sherfane Rutherford,26000000,GT,2025,15000000,,,,Capped,
7,Gerald Coetzee,24000000,GT,2025,12500000,,,,Capped,
8,Glenn Phillips,20000000,GT,2025,20000000,,,,Capped,
9,R. Sai Kishore,20000000,GT,2025,7500000,,,,Capped,
10,Mahipal Lomror,17000000,GT,2025,5000000,,,,Uncapped,
11,Gurnoor Singh Brar,13000000,GT,2025,3000000,,,,Uncapped,
12,Mohd. Arshad Khan,13000000,GT,2025,3000000,,,,Uncapped,
13,Karim Janat,7500000,GT,2025,7500000,,,,Capped,
14,Jayant Yadav,7500000,GT,2025,7500000,,,,Capped,
15,Ishant Sharma,7500000,GT,2025,7500000,,,,Capped,
16,Kumar Kushagra,6500000,GT,2025,3000000,,,,Uncapped,
17,Kulwant Khejroliya,3000000,GT,2025,3000000,,,,Uncapped,
18,Manav Suthar,3000000,GT,2025,3000000,,,,Uncapped,
19,Anuj Rawat,3000000,GT,2025,3000000,,,,Uncapped,
20,Nishant Sindhu,3000000,GT,2025,3000000,,,,Uncapped,
1,Venkatesh Iyer,237500000,KKR,2025,20000000,,,,Capped,
2,Anrich Nortje,65000000,KKR,2025,20000000,,,,Capped,
3,Quinton De Kock,36000000,KKR,2025,20000000,,,,Capped,
4,Angkrish Raghuvanshi,30000000,KKR,2025,3000000,,,,Uncapped,
5,Spencer Johnson,28000000,KKR,2025,20000000,,,,Capped,
6,Moeen Ali,20000000,KKR,2025,20000000,,,,Capped,
7,Rahmanullah Gurbaz,20000000,KKR,2025,20000000,,,,Capped,
8,Vaibhav Arora,18000000,KKR,2025,3000000,,,,Uncapped,
9,Ajinkya Rahane,15000000,KKR,2025,15000000,,,,Capped,
10,Rovman Powell,15000000,KKR,2025,15000000,,,,Capped,
11,Umran  Malik,7500000,KKR,2025,7500000,,,,Capped,
12,Manish Pandey,7500000,KKR,2025,7500000,,,,Capped,
13,Anukul Roy,4000000,KKR,2025,3000000,,,,Uncapped,
14,Luvnith Sisodia,3000000,KKR,2025,3000000,,,,Uncapped,
15,Mayank Markande,3000000,KKR,2025,3000000,,,,Uncapped,
1,Rishabh Pant,270000000,LSG,2025,20000000,,,,Capped,
2,Avesh Khan,97500000,LSG,2025,20000000,,,,Capped,
3,Akash Deep,80000000,LSG,2025,10000000,,,,Capped,
4,David Miller,75000000,LSG,2025,15000000,,,,Capped,
5,Abdul Samad,42000000,LSG,2025,3000000,,,,Uncapped,
6,Mitchell Marsh,34000000,LSG,2025,20000000,,,,Capped,
7,Shahbaz Ahamad,24000000,LSG,2025,10000000,,,,Capped,
8,Aiden Markram,20000000,LSG,2025,20000000,,,,Capped,
9,Matthew Breetzke,7500000,LSG,2025,7500000,,,,Capped,
10,Shamar Joseph,7500000,LSG,2025,7500000,,,,Capped,
11,M. Siddharth,7500000,LSG,2025,3000000,,,,Uncapped,
12,Arshin Kulkarni,3000000,LSG,2025,3000000,,,,Uncapped,
13,Rajvardhan Hangargekar,3000000,LSG,2025,3000000,,,,Uncapped,
14,Yuvraj Chaudhary,3000000,LSG,2025,3000000,,,,Uncapped,
15,Prince Yadav,3000000,LSG,2025,3000000,,,,Uncapped,
16,Akash Singh,3000000,LSG,2025,3000000,,,,Uncapped,
17,Digvesh Singh,3000000,LSG,2025,3000000,,,,Uncapped,
18,Himmat Singh,3000000,LSG,2025,3000000,,,,Uncapped,
19,Aryan Juyal,3000000,LSG,2025,3000000,,,,Uncapped,
1,Trent Boult,125000000,MI,2025,20000000,,,,Capped,
2,Deepak Chahar,92500000,MI,2025,20000000,,,,Capped,
3,Will Jacks,52500000,MI,2025,20000000,,,,Capped,
4,Naman Dhir,52500000,MI,2025,3000000,,,,Uncapped,
5,Allah  Ghazanfar,48000000,MI,2025,7500000,,,,Capped,
6,Mitchell Santner,20000000,MI,2025,20000000,,,,Capped,
7,Ryan Rickelton,10000000,MI,2025,10000000,,,,Capped,
8,Lizaad Williams,7500000,MI,2025,7500000,,,,Capped,
9,Reece Topley,7500000,MI,2025,7500000,,,,Capped,
10,Robin Minz,6500000,MI,2025,3000000,,,,Uncapped,
11,Karn Sharma,5000000,MI,2025,5000000,,,,Uncapped,
12,Vignesh Puthur,3000000,MI,2025,3000000,,,,Uncapped,
13,Arjun  Tendulkar,3000000,MI,2025,3000000,,,,Uncapped,
14,Bevan John Jacobs,3000000,MI,2025,3000000,,,,Uncapped,
15,Venkata Satyanarayana Penmetsa,3000000,MI,2025,3000000,,,,Uncapped,
16,Raj Angad Bawa,3000000,MI,2025,3000000,,,,Uncapped,
17,Shrijith Krishnan,3000000,MI,2025,3000000,,,,Uncapped,
18,Ashwani Kumar,3000000,MI,2025,3000000,,,,Uncapped,
1,Shreyas Iyer,267500000,PBKS,2025,20000000,,,,Capped,
2,Yuzvendra Singh Chahal,180000000,PBKS,2025,20000000,,,,Capped,
3,Arshdeep Singh,180000000,PBKS,2025,20000000,,,,Capped,
4,Marcus Stoinis,110000000,PBKS,2025,20000000,,,,Capped,
5,Marco Jansen,70000000,PBKS,2025,12500000,,,,Capped,
6,Nehal Wadhera,42000000,PBKS,2025,3000000,,,,Uncapped,
7,Glenn Maxwell,42000000,PBKS,2025,20000000,,,,Capped,
8,Priyansh Arya,38000000,PBKS,2025,3000000,,,,Uncapped,
9,Josh Inglis,26000000,PBKS,2025,20000000,,,,Capped,
10,Azmatullah Omarzai,24000000,PBKS,2025,15000000,,,,Capped,
11,Lockie Ferguson,20000000,PBKS,2025,20000000,,,,Capped,
12,Vyshak Vijaykumar,18000000,PBKS,2025,3000000,,,,Uncapped,
13,Yash Thakur,16000000,PBKS,2025,3000000,,,,Uncapped,
14,Harpreet  Brar,15000000,PBKS,2025,3000000,,,,Uncapped,
15,Aaron Hardie,12500000,PBKS,2025,12500000,,,,Capped,
16,Vishnu Vinod,9500000,PBKS,2025,3000000,,,,Uncapped,
17,Xavier Bartlett,8000000,PBKS,2025,7500000,,,,Capped,
18,Kuldeep  Sen,8000000,PBKS,2025,7500000,,,,Capped,
19,Pravin Dubey,3000000,PBKS,2025,3000000,,,,Uncapped,
20,Pyla Avinash,3000000,PBKS,2025,3000000,,,,Uncapped,
21,Suryansh  Shedge,3000000,PBKS,2025,3000000,,,,Uncapped,
22,Musheer Khan,3000000,PBKS,2025,3000000,,,,Uncapped,
23,Harnoor Pannu,3000000,PBKS,2025,3000000,,,,Uncapped,
1,Jofra Archer,125000000,RR,2025,20000000,,,,Capped,
2,Tushar Deshpande,65000000,RR,2025,10000000,,,,Capped,
3,Wanindu Hasaranga,52500000,RR,2025,20000000,,,,Capped,
4,Maheesh Theekshana,44000000,RR,2025,20000000,,,,Capped,
5,Nitish Rana,42000000,RR,2025,15000000,,,,Capped,
6,Fazalhaq Farooqi,20000000,RR,2025,20000000,,,,Capped,
7,Kwena Maphaka,15000000,RR,2025,7500000,,,,Capped,
8,Akash Madhwal,12000000,RR,2025,3000000,,,,Uncapped,
9,Vaibhav Suryavanshi,11000000,RR,2025,3000000,,,,Uncapped,
10,Shubham Dubey,8000000,RR,2025,3000000,,,,Uncapped,
11,Yudhvir Charak,3500000,RR,2025,3000000,,,,Uncapped,
12,Ashok Sharma,3000000,RR,2025,3000000,,,,Uncapped,
13,Kunal Rathore,3000000,RR,2025,3000000,,,,Uncapped,
14,Kumar Kartikeya Singh,3000000,RR,2025,3000000,,,,Uncapped,
1,Josh Hazlewood,125000000,RCB,2025,20000000,,,,Capped,
2,Phil Salt,115000000,RCB,2025,20000000,,,,Capped,
3,Jitesh Sharma,110000000,RCB,2025,10000000,,,,Capped,
4,Bhuvneshwar Kumar,107500000,RCB,2025,20000000,,,,Capped,
5,Liam Livingstone,87500000,RCB,2025,20000000,,,,Capped,
6,Rasikh Dar,60000000,RCB,2025,3000000,,,,Uncapped,
7,Krunal Pandya,57500000,RCB,2025,20000000,,,,Capped,
8,Tim David,30000000,RCB,2025,20000000,,,,Capped,
9,Jacob Bethell,26000000,RCB,2025,12500000,,,,Capped,
10,Suyash Sharma,26000000,RCB,2025,3000000,,,,Uncapped,
11,Devdutt Padikkal,20000000,RCB,2025,20000000,,,,Capped,
12,Nuwan Thushara,16000000,RCB,2025,7500000,,,,Capped,
13,Romario Shepherd,15000000,RCB,2025,15000000,,,,Capped,
14,Lungisani Ngidi,10000000,RCB,2025,10000000,,,,Capped,
15,Swapnil Singh,5000000,RCB,2025,3000000,,,,Uncapped,
16,Mohit Rathee,3000000,RCB,2025,3000000,,,,Uncapped,
17,Abhinandan Singh,3000000,RCB,2025,3000000,,,,Uncapped,
18,Swastik Chhikara,3000000,RCB,2025,3000000,,,,Uncapped,
19,Manoj Bhandage,3000000,RCB,2025,3000000,,,,Uncapped,
1,Ishan Kishan,112500000,SRH,2025,20000000,,,,Capped,
2,Mohammad Shami,100000000,SRH,2025,20000000,,,,Capped,
3,Harshal Patel,80000000,SRH,2025,20000000,,,,Capped,
4,Abhinav Manohar,32000000,SRH,2025,3000000,,,,Uncapped,
5,Rahul Chahar,32000000,SRH,2025,10000000,,,,Capped,
6,Adam Zampa,24000000,SRH,2025,20000000,,,,Capped,
7,Simarjeet Singh,15000000,SRH,2025,3000000,,,,Uncapped,
8,Eshan Malinga,12000000,SRH,2025,3000000,,,,Uncapped,
9,Brydon Carse,10000000,SRH,2025,10000000,,,,Capped,
10,Jaydev Unadkat,10000000,SRH,2025,10000000,,,,Capped,
11,Kamindu Mendis,7500000,SRH,2025,7500000,,,,Capped,
12,Zeeshan Ansari,4000000,SRH,2025,3000000,,,,Uncapped,
13,Sachin Baby,3000000,SRH,2025,3000000,,,,Uncapped,
14,Aniket Verma,3000000,SRH,2025,3000000,,,,Uncapped,
15,Atharva Taide,3000000,SRH,2025,3000000,,,,Uncapped,
1,Daryl Mitchell,140000000,CSK,2024,,All-Rounder,,,,Overseas
2,Sameer Rizvi,84000000,CSK,2024,,Batter,,,,Indian
3,Shardul Thakur,40000000,CSK,2024,,All-Rounder,,,,Indian
4,Mustafizur Rahman,20000000,CSK,2024,,Bowler,,,,Overseas
5,Rachin Ravindra,18000000,CSK,2024,,All-Rounder,,,,Overseas
6,Avanish Rao Aravelly,2000000,CSK,2024,,Wicket-Keeper,,,,Indian
1,Kumar Kushagra,72000000,DC,2024,,Wicket-Keeper,,,,Indian
2,Jhye Richardson,50000000,DC,2024,,Bowler,,,,Overseas
3,Harry Brook,40000000,DC,2024,,Batter,,,,Overseas
4,Sumit Kumar,10000000,DC,2024,,All-Rounder,,,,Indian
5,Shai Hope,7500000,DC,2024,,Wicket-Keeper,,,,Overseas
6,Tristan Stubbs,5000000,DC,2024,,Wicket-Keeper,,,,Overseas
7,Ricky Bhui,2000000,DC,2024,,Wicket-Keeper,,,,Indian
8,Swastik Chhikara,2000000,DC,2024,,Batter,,,,Indian
9,Rasikh Dar,2000000,DC,2024,,Bowler,,,,Indian
1,Spencer Johnson,100000000,GT,2024,,Bowler,,,,Overseas
2,Shahrukh Khan,74000000,GT,2024,,All-Rounder,,,,Indian
3,Umesh Yadav,58000000,GT,2024,,Bowler,,,,Indian
4,Robin Minz,36000000,GT,2024,,Wicket-Keeper,,,,Indian
5,Sushant Mishra,22000000,GT,2024,,Bowler,,,,Indian
6,Kartik Tyagi,6000000,GT,2024,,Bowler,,,,Indian
7,Azmatullah Omarzai,5000000,GT,2024,,All-Rounder,,,,Overseas
8,Manav Suthar,2000000,GT,2024,,Bowler,,,,Indian
1,Mitchell  Starc,247500000,KKR,2024,,Bowler,,,,Overseas
2,Mujeeb Rahman,20000000,KKR,2024,,Bowler,,,,Overseas
3,Sherfane Rutherford,15000000,KKR,2024,,Batter,,,,Overseas
4,Gus Atkinson,10000000,KKR,2024,,Bowler,,,,Overseas
5,Manish Pandey,5000000,KKR,2024,,Batter,,,,Indian
6,K.S. Bharat,5000000,KKR,2024,,Wicket-Keeper,,,,Indian
7,Chetan Sakariya,5000000,KKR,2024,,Bowler,,,,Indian
8,Angkrish Raghuvanshi,2000000,KKR,2024,,Batter,,,,Indian
9,Ramandeep  Singh,2000000,KKR,2024,,All-Rounder,,,,Indian
10,Sakib Hussain,2000000,KKR,2024,,Bowler,,,,Indian
1,Shivam  Mavi,64000000,LSG,2024,,Bowler,,,,Indian
2,M. Siddharth,24000000,LSG,2024,,Bowler,,,,Indian
3,David Willey,20000000,LSG,2024,,All-Rounder,,,,Overseas
4,Ashton Turner,10000000,LSG,2024,,Batter,,,,Overseas
5,Arshin Kulkarni,2000000,LSG,2024,,All-Rounder,,,,Indian
6,Mohd. Arshad Khan,2000000,LSG,2024,,All-Rounder,,,,Indian
1,Gerald Coetzee,50000000,MI,2024,,All-Rounder,,,,Overseas
2,Nuwan Thushara,48000000,MI,2024,,Bowler,,,,Overseas
3,Dilshan Madushanka,46000000,MI,2024,,Bowler,,,,Overseas
4,Mohammad Nabi,15000000,MI,2024,,All-Rounder,,,,Overseas
5,Shreyas Gopal,2000000,MI,2024,,Bowler,,,,Indian
6,Shivalik Sharma,2000000,MI,2024,,All-Rounder,,,,Indian
7,Anshul Kamboj,2000000,MI,2024,,All-Rounder,,,,Indian
8,Naman Dhir,2000000,MI,2024,,All-Rounder,,,,Indian
1,Harshal Patel,117500000,PBKS,2024,,All-Rounder,,,,Indian
2,Rilee Rossouw,80000000,PBKS,2024,,Batter,,,,Overseas
3,Chris Woakes,42000000,PBKS,2024,,All-Rounder,,,,Overseas
4,Tanay Thyagarajann,2000000,PBKS,2024,,All-Rounder,,,,Indian
5,Vishwanath Pratap Singh,2000000,PBKS,2024,,All-Rounder,,,,Indian
6,Ashutosh Sharma,2000000,PBKS,2024,,All-Rounder,,,,Indian
7,Shashank  Singh,2000000,PBKS,2024,,Batter,,,,Indian
8,Prince Choudhary,2000000,PBKS,2024,,Bowler,,,,Indian
1,Rovman Powell,74000000,RR,2024,,Batter,,,,Overseas
2,Shubham Dubey,58000000,RR,2024,,Batter,,,,Indian
3,Nandre Burger,5000000,RR,2024,,Bowler,,,,Overseas
4,Tom Kohler-Cadmore,4000000,RR,2024,,Wicket-Keeper,,,,Overseas
5,Abid Mushtaq,2000000,RR,2024,,All-Rounder,,,,Indian
1,Alzarri Joseph,115000000,RCB,2024,,Bowler,,,,Overseas
2,Yash  Dayal,50000000,RCB,2024,,Bowler,,,,Indian
3,Lockie Ferguson,20000000,RCB,2024,,Bowler,,,,Overseas
4,Tom Curran,15000000,RCB,2024,,All-Rounder,,,,Overseas
5,Saurav Chuahan,2000000,RCB,2024,,Batter,,,,Indian
6,Swapnil Singh,2000000,RCB,2024,,All-Rounder,,,,Indian
1,Pat Cummins,205000000,SRH,2024,,All-Rounder,,,,Overseas
2,Travis Head,68000000,SRH,2024,,Batter,,,,Overseas
3,Jaydev Unadkat,16000000,SRH,2024,,Bowler,,,,Indian
4,Wanindu Hasaranga,15000000,SRH,2024,,All-Rounder,,,,Overseas
5,Jhathavedh Subramanyan,2000000,SRH,2024,,Bowler,,,,Indian
6,Akash Singh,2000000,SRH,2024,,Bowler,,,,Indian
1,Benjamin Stokes,162500000,CSK,2023,,All-Rounder,,,,Overseas
2,Kyle Jamieson,10000000,CSK,2023,,Bowler,,,,Overseas
3,Nishant Sindhu,6000000,CSK,2023,,All-Rounder,,,,Indian
4,Ajinkya Rahane,5000000,CSK,2023,,Batter,,,,Indian
5,Bhagath Varma,2000000,CSK,2023,,All-Rounder,,,,Indian
6,Ajay Mandal,2000000,CSK,2023,,All-Rounder,,,,Indian
7,Shaik Rasheed,2000000,CSK,2023,,Batter,,,,Indian
1,Mukesh Kumar,55000000,DC,2023,,Bowler,,,,Indian
2,Rilee Rossouw,46000000,DC,2023,,Batter,,,,Overseas
3,Manish Pandey,24000000,DC,2023,,Batter,,,,Indian
4,Phil Salt,20000000,DC,2023,,Wicket-Keeper,,,,Overseas
5,Ishant Sharma,5000000,DC,2023,,Bowler,,,,Indian
1,Shivam Mavi,60000000,GT,2023,,Bowler,,,,Indian
2,Joshua Little,44000000,GT,2023,,Bowler,,,,Overseas
3,Kane Williamson,20000000,GT,2023,,Batter,,,,Overseas
4,K.S. Bharat,12000000,GT,2023,,Wicket-Keeper,,,,Indian
5,Mohit Sharma,5000000,GT,2023,,Bowler,,,,Indian
6,Odean Smith,5000000,GT,2023,,All-Rounder,,,,Overseas
7,Urvil Patel,2000000,GT,2023,,Wicket-Keeper,,,,Indian
1,Shakib Al Hasan,15000000,KKR,2023,,All-Rounder,,,,Overseas
2,David Wiese,10000000,KKR,2023,,All-Rounder,,,,Overseas
3,N. Jagadeesan,9000000,KKR,2023,,Wicket-Keeper,,,,Indian
4,Vaibhav Arora,6000000,KKR,2023,,Bowler,,,,Indian
5,Mandeep Singh,5000000,KKR,2023,,Batter,,,,Indian
6,Litton Das,5000000,KKR,2023,,Wicket-Keeper,,,,Overseas
7,Kulwant Khejroliya,2000000,KKR,2023,,Bowler,,,,Indian
8,Suyash Sharma,2000000,KKR,2023,,Bowler,,,,Indian
1,Nicholas Pooran,160000000,LSG,2023,,Wicket-Keeper,,,,Overseas
2,Daniel Sams,7500000,LSG,2023,,All-Rounder,,,,Overseas
3,Amit Mishra,5000000,LSG,2023,,Bowler,,,,Indian
4,Romario Shepherd,5000000,LSG,2023,,All-Rounder,,,,Overseas
5,Naveen Ul Haq,5000000,LSG,2023,,Bowler,,,,Overseas
6,Jaydev Unadkat,5000000,LSG,2023,,Bowler,,,,Indian
7,Yash Thakur,4500000,LSG,2023,,Bowler,,,,Indian
8,Swapnil Singh,2000000,LSG,2023,,All-Rounder,,,,Indian
9,Yudhvir Charak,2000000,LSG,2023,,All-Rounder,,,,Indian
10,Prerak Mankad,2000000,LSG,2023,,All-Rounder,,,,Indian
1,Cameron Green,175000000,MI,2023,,All-Rounder,,,,Overseas
2,Jhye Richardson,15000000,MI,2023,,Bowler,,,,Overseas
3,Piyush Chawla,5000000,MI,2023,,Bowler,,,,Indian
4,Nehal Wadhera,2000000,MI,2023,,All-Rounder,,,,Indian
5,Raghav Goyal,2000000,MI,2023,,Bowler,,,,Indian
6,Vishnu Vinod,2000000,MI,2023,,Wicket-Keeper,,,,Indian
7,Duan Jansen,2000000,MI,2023,,All-Rounder,,,,Overseas
8,Shams Mulani,2000000,MI,2023,,All-Rounder,,,,Indian
1,Sam Curran,185000000,PBKS,2023,,All-Rounder,,,,Overseas
2,Sikandar Raza,5000000,PBKS,2023,,All-Rounder,,,,Overseas
3,Harpreet Bhatia,4000000,PBKS,2023,,Batter,,,,Indian
4,Shivam Singh,2000000,PBKS,2023,,All-Rounder,,,,Indian
5,Vidwath Kaverappa,2000000,PBKS,2023,,Bowler,,,,Indian
6,Mohit Rathee,2000000,PBKS,2023,,All-Rounder,,,,Indian
1,Jason Holder,57500000,RR,2023,,All-Rounder,,,,Overseas
2,Adam Zampa,15000000,RR,2023,,Bowler,,,,Overseas
3,Joe Root,10000000,RR,2023,,Batter,,,,Overseas
4,Donovan Ferreira,5000000,RR,2023,,Wicket-Keeper,,,,Overseas
5,K.M. Asif,3000000,RR,2023,,Bowler,,,,Indian
6,Abdul P A,2000000,RR,2023,,All-Rounder,,,,Indian
7,Akash Vashisht,2000000,RR,2023,,All-Rounder,,,,Indian
8,Kunal Rathore,2000000,RR,2023,,Wicket-Keeper,,,,Indian
9,Murugan Ashwin,2000000,RR,2023,,Bowler,,,,Indian
1,Will Jacks,32000000,RCB,2023,,Batter,,,,Overseas
2,Reece Topley,19000000,RCB,2023,,Bowler,,,,Overseas
3,Rajan Kumar,7000000,RCB,2023,,Bowler,,,,Indian
4,Avinash Singh,6000000,RCB,2023,,Bowler,,,,Indian
5,Sonu Yadav,2000000,RCB,2023,,All-Rounder,,,,Indian
6,Himanshu Sharma,2000000,RCB,2023,,Bowler,,,,Indian
7,Manoj Bhandage,2000000,RCB,2023,,All-Rounder,,,,Indian
1,Harry Brook,132500000,SRH,2023,,Batter,,,,Overseas
2,Mayank Agarwal,82500000,SRH,2023,,Batter,,,,Indian
3,Heinrich Klaasen,52500000,SRH,2023,,Wicket-Keeper,,,,Overseas
4,Vivrant Sharma,26000000,SRH,2023,,All-Rounder,,,,Indian
5,Adil Rashid,20000000,SRH,2023,,Bowler,,,,Overseas
6,Mayank Dagar,18000000,SRH,2023,,All-Rounder,,,,Indian
7,Akeal Hosein,10000000,SRH,2023,,Bowler,,,,Overseas
8,Mayank Markande,5000000,SRH,2023,,Bowler,,,,Indian
9,Upendra Singh Yadav,2500000,SRH,2023,,Wicket-Keeper,,,,Indian
10,Sanvir Singh,2000000,SRH,2023,,All-Rounder,,,,Indian
11,Anmolpreet Singh,2000000,SRH,2023,,Batter,,,,Indian
12,Samarth Vyas,2000000,SRH,2023,,All-Rounder,,,,Indian
13,Nitish Kumar Reddy,2000000,SRH,2023,,Wicket-Keeper,,,,Indian
1,Deepak Chahar,140000000,CSK,2022,,Bowler,,,,Indian
2,Ambati Rayudu,67500000,CSK,2022,,Wicket Keeper,,,,Indian
3,Dwayne Bravo,44000000,CSK,2022,,All-Rounder,,,,Overseas
4,Shivam Dube,40000000,CSK,2022,,All-Rounder,,,,Indian
5,Chris Jordan,36000000,CSK,2022,,All-Rounder,,,,Overseas
6,Robin Uthappa,20000000,CSK,2022,,Batsman,,,,Indian
7,Mitchell Santner,19000000,CSK,2022,,All-Rounder,,,,Overseas
8,Adam Milne,19000000,CSK,2022,,Bowler,,,,Overseas
9,Rajvardhan Hangargekar,15000000,CSK,2022,,All-Rounder,,,,Indian
10,Prashant Solanki,12000000,CSK,2022,,Bowler,,,,Indian
11,Devon Conway,10000000,CSK,2022,,Batsman,,,,Overseas
12,Maheesh Theekshana,7000000,CSK,2022,,Bowler,,,,Overseas
13,Dwaine Pretorius,5000000,CSK,2022,,All-Rounder,,,,Overseas
14,C.Hari Nishaanth,2000000,CSK,2022,,Batsman,,,,Indian
15,N. Jagadeesan,2000000,CSK,2022,,Wicket Keeper,,,,Indian
16,K.M. Asif,2000000,CSK,2022,,Bowler,,,,Indian
17,Tushar Deshpande,2000000,CSK,2022,,Bowler,,,,Indian
18,Simarjeet Singh,2000000,CSK,2022,,Bowler,,,,Indian
19,Subhranshu Senapati,2000000,CSK,2022,,Batsman,,,,Indian
20,Mukesh Choudhary,2000000,CSK,2022,,Bowler,,,,Indian
21,K.Bhagath Varma,2000000,CSK,2022,,All-Rounder,,,,Indian
1,Shardul Thakur,107500000,DC,2022,,Bowler,,,,Indian
2,Mitchell Marsh,65000000,DC,2022,,All-Rounder,,,,Overseas
3,David Warner,62500000,DC,2022,,Batsman,,,,Overseas
4,Syed Khaleel Ahmed,52500000,DC,2022,,Bowler,,,,Indian
5,Chetan Sakariya,42000000,DC,2022,,Bowler,,,,Indian
6,Rovman Powell,28000000,DC,2022,,Batsman,,,,Overseas
7,Mustafizur Rahman,20000000,DC,2022,,Bowler,,,,Overseas
8,Kuldeep Yadav,20000000,DC,2022,,Bowler,,,,Indian
9,K.S. Bharat,20000000,DC,2022,,Wicket Keeper,,,,Indian
10,Kamlesh Nagarkoti,11000000,DC,2022,,All-Rounder,,,,Indian
11,Mandeep Singh,11000000,DC,2022,,Batsman,,,,Indian
12,Lalit Yadav,6500000,DC,2022,,All-Rounder,,,,Indian
13,Lungisani Ngidi,5000000,DC,2022,,Bowler,,,,Overseas
14,Yash Dhull,5000000,DC,2022,,All-Rounder,,,,Indian
15,Tim Seifert,5000000,DC,2022,,Wicket Keeper,,,,Overseas
16,Pravin Dubey,5000000,DC,2022,,All-Rounder,,,,Indian
17,Ashwin Hebbar,2000000,DC,2022,,Batsman,,,,Indian
18,Sarfaraz Khan,2000000,DC,2022,,All-Rounder,,,,Indian
19,Vicky Ostwal,2000000,DC,2022,,All-Rounder,,,,Indian
20,Ripal Patel,2000000,DC,2022,,All-Rounder,,,,Indian
1,Lockie Ferguson,100000000,GT,2022,,Bowler,,,,Overseas
2,Rahul Tewatia,90000000,GT,2022,,All-Rounder,,,,Indian
3,Mohammad Shami,62500000,GT,2022,,Bowler,,,,Indian
4,Yash  Dayal,32000000,GT,2022,,Bowler,,,,Indian
5,David Miller,30000000,GT,2022,,Batsman,,,,Overseas
6,R. Sai Kishore,30000000,GT,2022,,Bowler,,,,Indian
7,Abhinav Sadarangani,26000000,GT,2022,,Batsman,,,,Indian
8,Matthew Wade,24000000,GT,2022,,Wicket Keeper,,,,Overseas
9,Alzarri Joseph,24000000,GT,2022,,Bowler,,,,Overseas
10,Jason Roy,20000000,GT,2022,,Batsman,,,,Overseas
11,Wriddhiman  Saha,19000000,GT,2022,,Wicket Keeper,,,,Indian
12,Jayant Yadav,17000000,GT,2022,,All-Rounder,,,,Indian
13,Vijay Shankar,14000000,GT,2022,,All-Rounder,,,,Indian
14,Dominic Drakes,11000000,GT,2022,,All-Rounder,,,,Overseas
15,Gurkeerat Singh,5000000,GT,2022,,All-Rounder,,,,Indian
16,Varun Aaron,5000000,GT,2022,,Bowler,,,,Indian
17,Noor  Ahmad,3000000,GT,2022,,Bowler,,,,Overseas
18,Darshan Nalkande,2000000,GT,2022,,All-Rounder,,,,Indian
19,B. Sai Sudharsan,2000000,GT,2022,,All-Rounder,,,,Indian
20,Pradeep Sangwan,2000000,GT,2022,,All-Rounder,,,,Indian
1,Shreyas Iyer,122500000,KKR,2022,,Batsman,,,,Indian
2,Nitish Rana,80000000,KKR,2022,,All-Rounder,,,,Indian
3,Pat Cummins,72500000,KKR,2022,,All-Rounder,,,,Overseas
4,Shivam  Mavi,72500000,KKR,2022,,All-Rounder,,,,Indian
5,Sam Billings,20000000,KKR,2022,,Wicket Keeper,,,,Overseas
6,Umesh Yadav,20000000,KKR,2022,,Bowler,,,,Indian
7,Alex Hales,15000000,KKR,2022,,Batsman,,,,Overseas
8,Tim Southee,15000000,KKR,2022,,Bowler,,,,Overseas
9,Mohammad  Nabi,10000000,KKR,2022,,All-Rounder,,,,Overseas
10,Ajinkya Rahane,10000000,KKR,2022,,Batsman,,,,Indian
11,Sheldon Jackson,6000000,KKR,2022,,Wicket Keeper,,,,Indian
12,Rinku Singh,5500000,KKR,2022,,Batsman,,,,Indian
13,Ashok Sharma,5500000,KKR,2022,,Bowler,,,,Indian
14,Chamika Karunaratne,5000000,KKR,2022,,All-Rounder,,,,Overseas
15,Abhijeet Tomar,4000000,KKR,2022,,Batsman,,,,Indian
16,Anukul Roy,2000000,KKR,2022,,All-Rounder,,,,Indian
17,Rasikh Dar,2000000,KKR,2022,,Bowler,,,,Indian
18,Baba Indrajith,2000000,KKR,2022,,Wicket Keeper,,,,Indian
19,Aman Khan,2000000,KKR,2022,,All-Rounder,,,,Indian
20,Ramesh Kumar,2000000,KKR,2022,,Batsman,,,,Indian
21,Pratham Singh,2000000,KKR,2022,,Batsman,,,,Indian
1,Avesh Khan,100000000,LSG,2022,,Bowler,,,,Indian
2,Jason Holder,87500000,LSG,2022,,All-Rounder,,,,Overseas
3,Krunal Pandya,82500000,LSG,2022,,All-Rounder,,,,Indian
4,Mark Wood,75000000,LSG,2022,,Bowler,,,,Overseas
5,Quinton De Kock,67500000,LSG,2022,,Wicket Keeper,,,,Overseas
6,Deepak Hooda,57500000,LSG,2022,,All-Rounder,,,,Indian
7,Manish Pandey,46000000,LSG,2022,,Batsman,,,,Indian
8,Dushmantha Chameera,20000000,LSG,2022,,Bowler,,,,Overseas
9,Evin Lewis,20000000,LSG,2022,,Batsman,,,,Overseas
10,Krishnappa Gowtham,9000000,LSG,2022,,All-Rounder,,,,Indian
11,Ankit Singh Rajpoot,5000000,LSG,2022,,Bowler,,,,Indian
12,Shahbaz Nadeem,5000000,LSG,2022,,Bowler,,,,Indian
13,Kyle Mayers,5000000,LSG,2022,,All-Rounder,,,,Overseas
14,Manan Vohra,2000000,LSG,2022,,Batsman,,,,Indian
15,Mohsin Khan,2000000,LSG,2022,,Bowler,,,,Indian
16,Mayank Yadav,2000000,LSG,2022,,Bowler,,,,Indian
17,Ayush Badoni,2000000,LSG,2022,,All-Rounder,,,,Indian
18,Karan Sharma,2000000,LSG,2022,,All-Rounder,,,,Indian
1,Ishan Kishan,152500000,MI,2022,,Wicket Keeper,,,,Indian
2,Tim David,82500000,MI,2022,,All-Rounder,,,,Overseas
3,Jofra Archer,80000000,MI,2022,,All-Rounder,,,,Overseas
4,Dewald Brevis,30000000,MI,2022,,Batsman,,,,Overseas
5,Daniel Sams,26000000,MI,2022,,All-Rounder,,,,Overseas
6,N. Tilak Varma,17000000,MI,2022,,All-Rounder,,,,Indian
7,Murugan Ashwin,16000000,MI,2022,,Bowler,,,,Indian
8,Tymal Mills,15000000,MI,2022,,Bowler,,,,Overseas
9,Jaydev Unadkat,13000000,MI,2022,,Bowler,,,,Indian
10,Riley Meredith,10000000,MI,2022,,Bowler,,,,Overseas
11,Fabian Allen,7500000,MI,2022,,All-Rounder,,,,Overseas
12,Mayank Markande,6500000,MI,2022,,Bowler,,,,Indian
13,Sanjay Yadav,5000000,MI,2022,,All-Rounder,,,,Indian
14,Basil Thampi,3000000,MI,2022,,Bowler,,,,Indian
15,Arjun  Tendulkar,3000000,MI,2022,,All-Rounder,,,,Indian
16,Anmolpreet Singh,2000000,MI,2022,,Batsman,,,,Indian
17,Ramandeep  Singh,2000000,MI,2022,,All-Rounder,,,,Indian
18,Aryan Juyal,2000000,MI,2022,,Wicket Keeper,,,,Indian
19,Rahul Buddhi,2000000,MI,2022,,Batsman,,,,Indian
20,Hrithik Shokeen,2000000,MI,2022,,All-Rounder,,,,Indian
21,Mohd. Arshad Khan,2000000,MI,2022,,All-Rounder,,,,Indian
1,Liam Livingstone,115000000,PBKS,2022,,All-Rounder,,,,Overseas
2,Kagiso Rabada,92500000,PBKS,2022,,Bowler,,,,Overseas
3,Shahrukh Khan,90000000,PBKS,2022,,All-Rounder,,,,Indian
4,Shikhar Dhawan,82500000,PBKS,2022,,Batsman,,,,Indian
5,Jonny Bairstow,67500000,PBKS,2022,,Wicket Keeper,,,,Overseas
6,Odean Smith,60000000,PBKS,2022,,All-Rounder,,,,Overseas
7,Rahul Chahar,52500000,PBKS,2022,,Bowler,,,,Indian
8,Harpreet  Brar,38000000,PBKS,2022,,All-Rounder,,,,Indian
9,Raj Angad Bawa,20000000,PBKS,2022,,All-Rounder,,,,Indian
10,Vaibhav Arora,20000000,PBKS,2022,,Bowler,,,,Indian
11,Nathan Ellis,7500000,PBKS,2022,,Bowler,,,,Overseas
12,Prabhsimran Singh,6000000,PBKS,2022,,Wicket Keeper,,,,Indian
13,Rishi Dhawan,5500000,PBKS,2022,,All-Rounder,,,,Indian
14,Sandeep Sharma,5000000,PBKS,2022,,Bowler,,,,Indian
15,Bhanuka Rajapaksa,5000000,PBKS,2022,,Batsman,,,,Overseas
16,Benny Howell,4000000,PBKS,2022,,All-Rounder,,,,Overseas
17,Ishan Porel,2500000,PBKS,2022,,Bowler,,,,Indian
18,Jitesh Sharma,2000000,PBKS,2022,,Wicket Keeper,,,,Indian
19,Prerak Mankad,2000000,PBKS,2022,,All-Rounder,,,,Indian
20,Atharva Taide,2000000,PBKS,2022,,All-Rounder,,,,Indian
21,Writtick Chatterjee,2000000,PBKS,2022,,All-Rounder,,,,Indian
22,Baltej Dhanda,2000000,PBKS,2022,,Bowler,,,,Indian
23,Ansh Patel,2000000,PBKS,2022,,All-Rounder,,,,Indian
1,Prasidh Krishna,100000000,RR,2022,,Bowler,,,,Indian
2,Shimron Hetmyer,85000000,RR,2022,,Batsman,,,,Overseas
3,Trent Boult,80000000,RR,2022,,Bowler,,,,Overseas
4,Devdutt Padikkal,77500000,RR,2022,,Batsman,,,,Indian
5,Yuzvendra Singh Chahal,65000000,RR,2022,,Bowler,,,,Indian
6,Ravichandaran Ashwin,50000000,RR,2022,,All-Rounder,,,,Indian
7,Riyan Parag,38000000,RR,2022,,All-Rounder,,,,Indian
8,Navdeep Saini,26000000,RR,2022,,Bowler,,,,Indian
9,Nathan Coulter-Nile,20000000,RR,2022,,Bowler,,,,Overseas
10,James Neesham,15000000,RR,2022,,All-Rounder,,,,Overseas
11,Karun Nair,14000000,RR,2022,,Batsman,,,,Indian
12,Rassie Van Der Dussen,10000000,RR,2022,,Batsman,,,,Overseas
13,Daryl Mitchell,7500000,RR,2022,,All-Rounder,,,,Overseas
14,Obed Mccoy,7500000,RR,2022,,Bowler,,,,Overseas
15,K.C. Cariappa,3000000,RR,2022,,Bowler,,,,Indian
16,Kuldeep  Sen,2000000,RR,2022,,Bowler,,,,Indian
17,Dhruv Jurel,2000000,RR,2022,,Wicket Keeper,,,,Indian
18,Tejas Baroka,2000000,RR,2022,,Bowler,,,,Indian
19,Kuldip Yadav,2000000,RR,2022,,Bowler,,,,Indian
20,Shubham Garhwal,2000000,RR,2022,,All-Rounder,,,,Indian
21,Anunay Singh,2000000,RR,2022,,All-Rounder,,,,Indian
1,Wanindu Hasaranga,107500000,RCB,2022,,All-Rounder,,,,Overseas
2,Harshal Patel,107500000,RCB,2022,,All-Rounder,,,,Indian
3,Josh Hazlewood,77500000,RCB,2022,,Bowler,,,,Overseas
4,Faf Du Plessis,70000000,RCB,2022,,Batsman,,,,Overseas
5,Dinesh  Karthik,55000000,RCB,2022,,Wicket Keeper,,,,Indian
6,Anuj Rawat,34000000,RCB,2022,,Wicket Keeper,,,,Indian
7,Shahbaz Ahamad,24000000,RCB,2022,,All-Rounder,,,,Indian
8,David Willey,20000000,RCB,2022,,All-Rounder,,,,Overseas
9,Sherfane Rutherford,10000000,RCB,2022,,All-Rounder,,,,Overseas
10,Mahipal Lomror,9500000,RCB,2022,,All-Rounder,,,,Indian
11,Finn Allen,8000000,RCB,2022,,Batsman,,,,Overseas
12,Jason Behrendorff,7500000,RCB,2022,,Bowler,,,,Overseas
13,Siddharth  Kaul,7500000,RCB,2022,,Bowler,,,,Indian
14,Karn Sharma,5000000,RCB,2022,,Bowler,,,,Indian
15,Suyash Prabhudessai,3000000,RCB,2022,,All-Rounder,,,,Indian
16,Chama Milind,2500000,RCB,2022,,Bowler,,,,Indian
17,Akash  Deep,2000000,RCB,2022,,Bowler,,,,Indian
18,Luvnith Sisodia,2000000,RCB,2022,,Wicket Keeper,,,,Indian
19,Aneeshwar Gautam,2000000,RCB,2022,,All-Rounder,,,,Indian
1,Nicholas Pooran,107500000,SRH,2022,,Wicket Keeper,,,,Overseas
2,Washington Sundar,87500000,SRH,2022,,All-Rounder,,,,Indian
3,Rahul Ajay Tripathi,85000000,SRH,2022,,Batsman,,,,Indian
4,Romario Shepherd,77500000,SRH,2022,,All-Rounder,,,,Overseas
5,Abhishek Sharma,65000000,SRH,2022,,All-Rounder,,,,Indian
6,Bhuvneshwar Kumar,42000000,SRH,2022,,Bowler,,,,Indian
7,Marco Jansen,42000000,SRH,2022,,All-Rounder,,,,Overseas
8,T Natarajan,40000000,SRH,2022,,Bowler,,,,Indian
9,Kartik Tyagi,40000000,SRH,2022,,Bowler,,,,Indian
10,Aiden Markram,26000000,SRH,2022,,Batsman,,,,Overseas
11,Sean Abbott,24000000,SRH,2022,,Bowler,,,,Overseas
12,Glenn Phillips,15000000,SRH,2022,,Wicket Keeper,,,,Overseas
13,Shreyas Gopal,7500000,SRH,2022,,Bowler,,,,Indian
14,Vishnu Vinod,5000000,SRH,2022,,Wicket Keeper,,,,Indian
15,Fazalhaq Farooqi,5000000,SRH,2022,,Bowler,,,,Overseas
16,Priyam  Garg,2000000,SRH,2022,,Batsman,,,,Indian
17,Jagadeesha Suchith,2000000,SRH,2022,,Bowler,,,,Indian
18,R Samarth,2000000,SRH,2022,,Batsman,,,,Indian
19,Shashank Singh,2000000,SRH,2022,,All-Rounder,,,,Indian
20,Saurabh Dubey,2000000,SRH,2022,,Bowler,,,,Indian
1,Krishnappa Gowtham,92500000,CSK,2021,,All-Rounder,,,,
2,Moeen Ali,70000000,CSK,2021,,All-Rounder,,,,
3,Cheteshwar Pujara,5000000,CSK,2021,,Batsman,,,,
4,K.Bhagath Varma,2000000,CSK,2021,,All-Rounder,,,,
5,C Hari Nishaanth,2000000,CSK,2021,,Batsman,,,,
6,M. Harisankar Reddy,2000000,CSK,2021,,Bowler,,,,
1,Tom Curran,52500000,DC,2021,,All-Rounder,,,,
2,Steve Smith,22000000,DC,2021,,Batsman,,,,
3,Sam Billings,20000000,DC,2021,,Wicket Keeper,,,,
4,Umesh Yadav,10000000,DC,2021,,Bowler,,,,
5,Ripal Patel,2000000,DC,2021,,All-Rounder,,,,
6,Vishnu Vinod,2000000,DC,2021,,Wicket Keeper,,,,
7,Lukman Hussain Meriwala,2000000,DC,2021,,Bowler,,,,
8,M Siddharth,2000000,DC,2021,,Bowler,,,,
1,Shakib Al Hasan,32000000,KKR,2021,,All-Rounder,,,,
2,Harbhajan Singh,20000000,KKR,2021,,Bowler,,,,
3,Ben Cutting,7500000,KKR,2021,,All-Rounder,,,,
4,Karun Nair,5000000,KKR,2021,,Batsman,,,,
5,Pawan Negi,5000000,KKR,2021,,All-Rounder,,,,
6,Venkatesh Iyer,2000000,KKR,2021,,All-Rounder,,,,
7,Sheldon Jackson,2000000,KKR,2021,,Wicket Keeper,,,,
8,Vaibhav Arora,2000000,KKR,2021,,Bowler,,,,
1,Nathan Coulter-Nile,50000000,MI,2021,,Bowler,,,,
2,Adam Milne,32000000,MI,2021,,Bowler,,,,
3,Piyush Chawla,24000000,MI,2021,,Bowler,,,,
4,James Neesham,5000000,MI,2021,,All-Rounder,,,,
5,Yudhvir Charak,2000000,MI,2021,,All-Rounder,,,,
6,Marco Jansen,2000000,MI,2021,,All-Rounder,,,,
7,Arjun Tendulkar,2000000,MI,2021,,All-Rounder,,,,
1,Jhye Richardson,140000000,PBKS,2021,,Bowler,,,,
2,Riley Meredith,80000000,PBKS,2021,,Bowler,,,,
3,Shahrukh Khan,52500000,PBKS,2021,,All-Rounder,,,,
4,Moises Henriques,42000000,PBKS,2021,,All-Rounder,,,,
5,Dawid Malan,15000000,PBKS,2021,,All-Rounder,,,,
6,Fabian Allen,7500000,PBKS,2021,,All-Rounder,,,,
7,Jalaj Saxena,3000000,PBKS,2021,,All-Rounder,,,,
8,Saurabh Kumar,2000000,PBKS,2021,,All-Rounder,,,,
9,Utkarsh Singh,2000000,PBKS,2021,,All-Rounder,,,,
1,Christopher Morris,162500000,RR,2021,,All-Rounder,,,,
2,Shivam Dube,44000000,RR,2021,,All-Rounder,,,,
3,Chetan Sakariya,12000000,RR,2021,,Bowler,,,,
4,Mustafizur Rahman,10000000,RR,2021,,Bowler,,,,
5,Liam Livingstone,7500000,RR,2021,,All-Rounder,,,,
6,K.C. Cariappa,2000000,RR,2021,,Bowler,,,,
7,Akash Singh,2000000,RR,2021,,Bowler,,,,
8,Kuldip Yadav,2000000,RR,2021,,Bowler,,,,
1,Kyle Jamieson,150000000,RCB,2021,,All-Rounder,,,,
2,Glenn Maxwell,142500000,RCB,2021,,All-Rounder,,,,
3,Dan Christian,48000000,RCB,2021,,All-Rounder,,,,
4,Sachin Baby,2000000,RCB,2021,,Batsman,,,,
5,Rajat Patidar,2000000,RCB,2021,,Batsman,,,,
6,Mohammed Azharudeen,2000000,RCB,2021,,Wicket Keeper,,,,
7,Suyash Prabhudesai,2000000,RCB,2021,,All-Rounder,,,,
8,K.S. Bharat,2000000,RCB,2021,,Wicket Keeper,,,,
1,Kedar Jadhav,20000000,SRH,2021,,All-Rounder,,,,
2,Mujeeb Zadran,15000000,SRH,2021,,Bowler,,,,
3,Jagadeesha Suchith,3000000,SRH,2021,,Bowler,,,,
1,Piyush Chawla,67500000,CSK,2020,,Bowler,,,,
2,Sam Curran,55000000,CSK,2020,,All-Rounder,,,,
3,Josh Hazlewood,20000000,CSK,2020,,Bowler,,,,
4,R. Sai Kishore,2000000,CSK,2020,,Bowler,,,,
1,Shimron Hetmyer,77500000,DC,2020,,Batsman,,,,
2,Marcus Stoinis,48000000,DC,2020,,All-Rounder,,,,
3,Alex Carey,24000000,DC,2020,,Wicket Keeper,,,,
4,Jason Roy,15000000,DC,2020,,Batsman,,,,
5,Chris Woakes,15000000,DC,2020,,All-Rounder,,,,
6,Mohit Sharma,5000000,DC,2020,,Bowler,,,,
7,Tushar Deshpande,2000000,DC,2020,,Bowler,,,,
8,Lalit Yadav,2000000,DC,2020,,All-Rounder,,,,
1,Glenn Maxwell,107500000,KXIP,2020,,All-Rounder,,,,
2,Sheldon Cottrell,85000000,KXIP,2020,,Bowler,,,,
3,Chris Jordan,30000000,KXIP,2020,,All-Rounder,,,,
4,Ravi Bishnoi,20000000,KXIP,2020,,Bowler,,,,
5,Prabhsimran Singh,5500000,KXIP,2020,,Wicket Keeper,,,,
6,Deepak Hooda,5000000,KXIP,2020,,All-Rounder,,,,
7,James Neesham,5000000,KXIP,2020,,All-Rounder,,,,
8,Tajinder Dhillon,2000000,KXIP,2020,,All-Rounder,,,,
9,Ishan Porel,2000000,KXIP,2020,,Bowler,,,,
1,Pat Cummins,155000000,KKR,2020,,All-Rounder,,,,
2,Eoin Morgan,52500000,KKR,2020,,Batsman,,,,
3,Varun Chakaravarthy,40000000,KKR,2020,,All-Rounder,,,,
4,Tom Banton,10000000,KKR,2020,,Batsman,,,,
5,Rahul Ajay Tripathi,6000000,KKR,2020,,Batsman,,,,
6,Chris Green,2000000,KKR,2020,,All-Rounder,,,,
7,Nikhil Shankar Naik,2000000,KKR,2020,,Wicket Keeper,,,,
8,Pravin Tambe,2000000,KKR,2020,,Bowler,,,,
9,M Siddharth,2000000,KKR,2020,,Bowler,,,,
1,Nathan Coulter-Nile,80000000,MI,2020,,Bowler,,,,
2,Chris Lynn,20000000,MI,2020,,Batsman,,,,
3,Saurabh Tiwary,5000000,MI,2020,,Batsman,,,,
4,Digvijay Deshmukh,2000000,MI,2020,,All-Rounder,,,,
5,Prince Balwant Rai Singh,2000000,MI,2020,,All-Rounder,,,,
6,Mohsin Khan,2000000,MI,2020,,Bowler,,,,
1,Robin Uthappa,30000000,RR,2020,,Batsman,,,,
2,Jaydev Unadkat,30000000,RR,2020,,Bowler,,,,
3,Yashasvi Jaiswal,24000000,RR,2020,,All-Rounder,,,,
4,Kartik Tyagi,13000000,RR,2020,,Bowler,,,,
5,Tom Curran,10000000,RR,2020,,All-Rounder,,,,
6,Andrew Tye,10000000,RR,2020,,Bowler,,,,
7,Anuj Rawat,8000000,RR,2020,,Wicket Keeper,,,,
8,David Miller,7500000,RR,2020,,Batsman,,,,
9,Oshane Thomas,5000000,RR,2020,,Bowler,,,,
10,Anirudha Ashok Joshi,2000000,RR,2020,,All-Rounder,,,,
11,Akash Singh,2000000,RR,2020,,Bowler,,,,
1,Christopher Morris,100000000,RCB,2020,,All-Rounder,,,,
2,Aaron Finch,44000000,RCB,2020,,Batsman,,,,
3,Kane Richardson,40000000,RCB,2020,,Bowler,,,,
4,Dale Steyn,20000000,RCB,2020,,Bowler,,,,
5,Isuru Udana,5000000,RCB,2020,,All-Rounder,,,,
6,Shahbaz Ahamad,2000000,RCB,2020,,Wicket Keeper,,,,
7,Joshua Philippe,2000000,RCB,2020,,Wicket Keeper,,,,
8,Pavan Deshpande,2000000,RCB,2020,,All-Rounder,,,,
1,Mitchell Marsh,20000000,SRH,2020,,All-Rounder,,,,
2,Priyam Garg,19000000,SRH,2020,,Batsman,,,,
3,Virat Singh,19000000,SRH,2020,,Batsman,,,,
4,Fabian Allen,5000000,SRH,2020,,All-Rounder,,,,
5,Sandeep Bavanaka,2000000,SRH,2020,,All-Rounder,,,,
6,Sanjay Yadav,2000000,SRH,2020,,All-Rounder,,,,
7,Abdul Samad,2000000,SRH,2020,,All-Rounder,,,,
1,Mohit Sharma,50000000,CSK,2019,,Bowler,,,,
2,Ruturaj Gaikwad,2000000,CSK,2019,,Batsman,,,,
1,Colin Ingram,64000000,DC,2019,,Batsman,,,,
2,Axar Rajesh Patel,50000000,DC,2019,,All-Rounder,,,,
3,Hanuma Vihari,20000000,DC,2019,,Batsman,,,,
4,Sherfane Rutherford,20000000,DC,2019,,All-Rounder,,,,
5,Ishant Sharma,11000000,DC,2019,,Bowler,,,,
6,Keemo Paul,5000000,DC,2019,,All-Rounder,,,,
7,Jalaj Saxena,2000000,DC,2019,,All-Rounder,,,,
8,Ankush Bains,2000000,DC,2019,,Wicket Keeper,,,,
9,Nathu Singh,2000000,DC,2019,,Bowler,,,,
10,Bandaru Ayyappa,2000000,DC,2019,,Bowler,,,,
1,Varun Chakaravarthy,84000000,KXIP,2019,,All-Rounder,,,,
2,Sam Curran,72000000,KXIP,2019,,All-Rounder,,,,
3,Mohammad Shami,48000000,KXIP,2019,,Bowler,,,,
4,Prabhsimran Singh,48000000,KXIP,2019,,Wicket Keeper,,,,
5,Nicolas Pooran,42000000,KXIP,2019,,Wicket Keeper,,,,
6,Moises Henriques,10000000,KXIP,2019,,All-Rounder,,,,
7,Hardus Viljoen,7500000,KXIP,2019,,Bowler,,,,
8,Darshan Nalkande,3000000,KXIP,2019,,All-Rounder,,,,
9,Sarfaraz Naushad Khan,2500000,KXIP,2019,,All-Rounder,,,,
10,Arshdeep Singh,2000000,KXIP,2019,,Bowler,,,,
11,Agnivesh Ayachi,2000000,KXIP,2019,,All-Rounder,,,,
12,Harpreet Brar,2000000,KXIP,2019,,All-Rounder,,,,
13,M. Ashwin,2000000,KXIP,2019,,Bowler,,,,
1,Carlos Brathwaite,50000000,KKR,2019,,All-Rounder,,,,
2,Lockie Ferguson,16000000,KKR,2019,,Bowler,,,,
3,Joe Denly,10000000,KKR,2019,,Batsman,,,,
4,Harry Gurney,7500000,KKR,2019,,Bowler,,,,
5,Nikhil Shankar Naik,2000000,KKR,2019,,Wicket Keeper,,,,
6,Shrikant Mundhe,2000000,KKR,2019,,All-Rounder,,,,
7,Prithvi Raj Yarra,2000000,KKR,2019,,Bowler,,,,
8,Anrich Nortje,2000000,KKR,2019,,Bowler,,,,
1,Barinder Singh Sran,34000000,MI,2019,,Bowler,,,,
2,Lasith Malinga,20000000,MI,2019,,Bowler,,,,
3,Yuvraj Singh,10000000,MI,2019,,All-Rounder,,,,
4,Anmolpreet Singh,8000000,MI,2019,,Batsman,,,,
5,Pankaj Jaswal,2000000,MI,2019,,All-Rounder,,,,
6,Rasikh Dar,2000000,MI,2019,,Bowler,,,,
1,Jaydev Unadkat,84000000,RR,2019,,Bowler,,,,
2,Varun Aaron,24000000,RR,2019,,Bowler,,,,
3,Oshane Thomas,11000000,RR,2019,,Bowler,,,,
4,Ashton Turner,5000000,RR,2019,,All-Rounder,,,,
5,Liam Livingstone,5000000,RR,2019,,All-Rounder,,,,
6,Shashank Singh,3000000,RR,2019,,All-Rounder,,,,
7,Riyan Parag,2000000,RR,2019,,All-Rounder,,,,
8,Manan Vohra,2000000,RR,2019,,Batsman,,,,
9,Shubham Ranjane,2000000,RR,2019,,All-Rounder,,,,
1,Shivam Dube,50000000,RCB,2019,,All-Rounder,,,,
2,Shimron Hetmyer,42000000,RCB,2019,,Batsman,,,,
3,Akshdeep Nath,36000000,RCB,2019,,All-Rounder,,,,
4,Prayas Ray Barman,15000000,RCB,2019,,All-Rounder,,,,
5,Himmat Singh,6500000,RCB,2019,,Batsman,,,,
6,Gurkeerat Singh Mann,5000000,RCB,2019,,All-Rounder,,,,
7,Heinrich Klaasen,5000000,RCB,2019,,Wicket Keeper,,,,
8,Devdutt Padikkal,2000000,RCB,2019,,Batsman,,,,
9,Milind Kumar,2000000,RCB,2019,,All-Rounder,,,,
1,Jonny Bairstow,22000000,SRH,2019,,Wicket Keeper,,,,
2,Wriddhiman Saha,12000000,SRH,2019,,Wicket Keeper,,,,
3,Martin Guptill,10000000,SRH,2019,,Batsman,,,,
1,Kedar Jadhav,78000000,CSK,2018,,All-Rounder,,,,
2,Dwayne Bravo,64000000,CSK,2018,,All-Rounder,,,,
3,Karn Sharma,50000000,CSK,2018,,Bowler,,,,
4,Shane Watson,40000000,CSK,2018,,All-Rounder,,,,
5,Shardul Narendra Thakur,26000000,CSK,2018,,Bowler,,,,
6,Ambati Rayudu,22000000,CSK,2018,,Wicket Keeper,,,,
7,Murali Vijay,20000000,CSK,2018,,Batsman,,,,
8,Harbhajan Singh,20000000,CSK,2018,,Bowler,,,,
9,Faf Du Plessis,16000000,CSK,2018,,Batsman,,,,
10,Mark Wood,15000000,CSK,2018,,Bowler,,,,
11,Sam Billings,10000000,CSK,2018,,Wicket Keeper,,,,
12,Imran Tahir,10000000,CSK,2018,,Bowler,,,,
13,Deepak Chahar,8000000,CSK,2018,,All-Rounder,,,,
14,Mitchell Santner,5000000,CSK,2018,,All-Rounder,,,,
15,Lungisani Ngidi,5000000,CSK,2018,,Bowler,,,,
16,Asif K M,4000000,CSK,2018,,Bowler,,,,
17,N Jagadeesan,2000000,CSK,2018,,Wicket Keeper,,,,
18,Kanishk Seth,2000000,CSK,2018,,All-Rounder,,,,
19,Monu Singh,2000000,CSK,2018,,Bowler,,,,
20,Dhruv Shorey,2000000,CSK,2018,,All-Rounder,,,,
21,Kshitiz Sharma,2000000,CSK,2018,,All-Rounder,,,,
22,Chaitanya Bishnoi,2000000,CSK,2018,,All-Rounder,,,,
1,Glenn Maxwell,90000000,DD,2018,,All-Rounder,,,,
2,Kagiso Rabada,42000000,DD,2018,,Bowler,,,,
3,Amit Mishra,40000000,DD,2018,,Bowler,,,,
4,Shahbaz Nadeem,32000000,DD,2018,,Bowler,,,,
5,Vijay Shankar,32000000,DD,2018,,All-Rounder,,,,
6,Rahul Tewatia,30000000,DD,2018,,All-Rounder,,,,
7,Mohammad Shami,30000000,DD,2018,,Bowler,,,,
8,Gautam Gambhir,28000000,DD,2018,,Batsman,,,,
9,Trent Boult,22000000,DD,2018,,Bowler,,,,
10,Colin Munro,19000000,DD,2018,,All-Rounder,,,,
11,Dan Christian,15000000,DD,2018,,All-Rounder,,,,
12,Jason Roy,15000000,DD,2018,,Batsman,,,,
13,Naman Ojha,14000000,DD,2018,,Wicket Keeper,,,,
14,Prithvi Shaw,12000000,DD,2018,,Batsman,,,,
15,Gurkeerat Singh Mann,7500000,DD,2018,,All-Rounder,,,,
16,Avesh Khan,7000000,DD,2018,,Bowler,,,,
17,Abhishek Sharma,5500000,DD,2018,,All-Rounder,,,,
18,Jayant Yadav,5000000,DD,2018,,All-Rounder,,,,
19,Harshal Patel,2000000,DD,2018,,All-Rounder,,,,
20,Manjot Kalra,2000000,DD,2018,,Batsman,,,,
21,Sandeep Lamichhane,2000000,DD,2018,,Bowler,,,,
22,Sayan Ghosh,2000000,DD,2018,,Bowler,,,,
1,KL Rahul,110000000,KXIP,2018,,Batsman,,,,
2,Ravichandran Ashwin,76000000,KXIP,2018,,All-Rounder,,,,
3,Andrew Tye,72000000,KXIP,2018,,Bowler,,,,
4,Aaron Finch,62000000,KXIP,2018,,Batsman,,,,
5,Marcus Stoinis,62000000,KXIP,2018,,All-Rounder,,,,
6,Karun Nair,56000000,KXIP,2018,,Batsman,,,,
7,Mujeeb Zadran,40000000,KXIP,2018,,Bowler,,,,
8,Ankit Singh Rajpoot,30000000,KXIP,2018,,Bowler,,,,
9,David Miller,30000000,KXIP,2018,,Batsman,,,,
10,Mohit Sharma,24000000,KXIP,2018,,Bowler,,,,
11,Barinder Singh Sran,22000000,KXIP,2018,,Bowler,,,,
12,Yuvraj Singh,20000000,KXIP,2018,,All-Rounder,,,,
13,Christopher Gayle,20000000,KXIP,2018,,Batsman,,,,
14,Ben Dwarshuis,14000000,KXIP,2018,,Bowler,,,,
15,Akshdeep Nath,10000000,KXIP,2018,,All-Rounder,,,,
16,Manoj Tiwary,10000000,KXIP,2018,,Batsman,,,,
17,Mayank Agarwal,10000000,KXIP,2018,,Batsman,,,,
18,Manzoor Dar,2000000,KXIP,2018,,All-Rounder,,,,
19,Pardeep Sahu,2000000,KXIP,2018,,Bowler,,,,
20,Mayank Dagar,2000000,KXIP,2018,,All-Rounder,,,,
1,Chris Lynn,96000000,KKR,2018,,Batsman,,,,
2,Mitchell Starc,94000000,KKR,2018,,Bowler,,,,
3,Dinesh Karthik,74000000,KKR,2018,,Wicket Keeper,,,,
4,Robin Uthappa,64000000,KKR,2018,,Wicket Keeper,,,,
5,Kuldeep Singh Yadav,58000000,KKR,2018,,Bowler,,,,
6,Piyush Chawla,42000000,KKR,2018,,Bowler,,,,
7,Nitish Rana,34000000,KKR,2018,,All-Rounder,,,,
8,Kamlesh Nagarkoti,32000000,KKR,2018,,All-Rounder,,,,
9,Shivam Mavi,30000000,KKR,2018,,All-Rounder,,,,
10,Mitchell Johnson,20000000,KKR,2018,,Bowler,,,,
11,Shubman Gill,18000000,KKR,2018,,Batsman,,,,
12,Ranganath Vinay Kumar,10000000,KKR,2018,,Bowler,,,,
13,Rinku Singh,8000000,KKR,2018,,Batsman,,,,
14,Cameron Delport,3000000,KKR,2018,,All-Rounder,,,,
15,Javon Searless,3000000,KKR,2018,,All-Rounder,,,,
16,Apoorv Vijay Wankhade,2000000,KKR,2018,,Batsman,,,,
17,Ishank Jaggi,2000000,KKR,2018,,Batsman,,,,
1,Krunal Pandya,88000000,MI,2018,,All-Rounder,,,,
2,Ishan Kishan,62000000,MI,2018,,Wicket Keeper,,,,
3,Kieron Pollard,54000000,MI,2018,,All-Rounder,,,,
4,Pat Cummins,54000000,MI,2018,,Bowler,,,,
5,Evin Lewis,38000000,MI,2018,,Batsman,,,,
6,Suryakumar Yadav,32000000,MI,2018,,Batsman,,,,
7,Ben Cutting,22000000,MI,2018,,All-Rounder,,,,
8,Mustafizur Rahman,22000000,MI,2018,,Bowler,,,,
9,Rahul Chahar,19000000,MI,2018,,Bowler,,,,
10,Pradeep Sangwan,15000000,MI,2018,,Bowler,,,,
11,Jason Behrendorff,15000000,MI,2018,,Bowler,,,,
12,Jean-Paul Duminy,10000000,MI,2018,,All-Rounder,,,,
13,Saurabh Tiwary,8000000,MI,2018,,Batsman,,,,
14,Tajinder Dhillon,5500000,MI,2018,,All-Rounder,,,,
15,Akila Dhananjaya,5000000,MI,2018,,Bowler,,,,
16,Nidheesh M D Dinesan,2000000,MI,2018,,Bowler,,,,
17,Aditya Tare,2000000,MI,2018,,Wicket Keeper,,,,
18,Siddhesh Dinesh Lad,2000000,MI,2018,,Batsman,,,,
19,Mayank Markande,2000000,MI,2018,,Bowler,,,,
20,Sharad Lumba,2000000,MI,2018,,Batsman,,,,
21,Anukul Roy,2000000,MI,2018,,All-Rounder,,,,
22,Mohsin Khan,2000000,MI,2018,,Bowler,,,,
1,Benjamin Stokes,125000000,RR,2018,,All-Rounder,,,,
2,Jaydev Unadkat,115000000,RR,2018,,Bowler,,,,
3,Sanju Samson,80000000,RR,2018,,Wicket Keeper,,,,
4,Jofra Archer,72000000,RR,2018,,All-Rounder,,,,
5,Krishnappa Gowtham,62000000,RR,2018,,Bowler,,,,
6,Jos Buttler,44000000,RR,2018,,Wicket Keeper,,,,
7,Ajinkya Rahane,40000000,RR,2018,,Batsman,,,,
8,Darcy Short,40000000,RR,2018,,All-Rounder,,,,
9,Rahul Ajay Tripathi,34000000,RR,2018,,Batsman,,,,
10,Dhawal Kulkarni,7500000,RR,2018,,Bowler,,,,
11,Zahir Khan Pakteen,6000000,RR,2018,,Bowler,,,,
12,Ben Laughlin,5000000,RR,2018,,Bowler,,,,
13,Stuart Binny,5000000,RR,2018,,All-Rounder,,,,
14,Dushmantha Chameera,5000000,RR,2018,,Bowler,,,,
15,Anureet Singh,3000000,RR,2018,,Bowler,,,,
16,Aryaman Vikram Birla,3000000,RR,2018,,All-Rounder,,,,
17,Midhun S,2000000,RR,2018,,All-Rounder,,,,
18,Shreyas Gopal,2000000,RR,2018,,All-Rounder,,,,
19,Prashant Chopra,2000000,RR,2018,,Wicket Keeper,,,,
20,Jatin Saxena,2000000,RR,2018,,All-Rounder,,,,
21,Ankit Sharma,2000000,RR,2018,,All-Rounder,,,,
22,Mahipal Lomror,2000000,RR,2018,,All-Rounder,,,,
1,Chris Woakes,74000000,RCB,2018,,All-Rounder,,,,
2,Yuzvendra Singh Chahal,60000000,RCB,2018,,Bowler,,,,
3,Umesh Yadav,42000000,RCB,2018,,Bowler,,,,
4,Brendon McCullum,36000000,RCB,2018,,Batsman,,,,
5,Washington Sundar,32000000,RCB,2018,,All-Rounder,,,,
6,Navdeep Saini,30000000,RCB,2018,,Bowler,,,,
7,Quinton De Kock,28000000,RCB,2018,,Wicket Keeper,,,,
8,Mohammed Siraj,26000000,RCB,2018,,Bowler,,,,
9,Nathan Coulter-Nile,22000000,RCB,2018,,Bowler,,,,
10,Colin De Grandhomme,22000000,RCB,2018,,All-Rounder,,,,
11,M. Ashwin,22000000,RCB,2018,,Bowler,,,,
12,Parthiv Patel,17000000,RCB,2018,,Wicket Keeper,,,,
13,Moeen Ali,17000000,RCB,2018,,All-Rounder,,,,
14,Mandeep Singh,14000000,RCB,2018,,All-Rounder,,,,
15,Manan Vohra,11000000,RCB,2018,,Batsman,,,,
16,Pawan Negi,10000000,RCB,2018,,All-Rounder,,,,
17,Tim Southee,10000000,RCB,2018,,Bowler,,,,
18,Kulwant Khejroliya,8500000,RCB,2018,,Bowler,,,,
19,Aniket Choudhary,3000000,RCB,2018,,Bowler,,,,
20,Pavan Deshpande,2000000,RCB,2018,,All-Rounder,,,,
21,Anirudha Ashok Joshi,2000000,RCB,2018,,All-Rounder,,,,
1,Manish Pandey,110000000,SRH,2018,,Batsman,,,,
2,Rashid Khan Arman,90000000,SRH,2018,,Bowler,,,,
3,Shikhar Dhawan,52000000,SRH,2018,,Batsman,,,,
4,Wriddhiman Saha,50000000,SRH,2018,,Wicket Keeper,,,,
5,Siddharth  Kaul,38000000,SRH,2018,,Bowler,,,,
6,Deepak Hooda,36000000,SRH,2018,,All-Rounder,,,,
7,Syed Khaleel Ahmed,30000000,SRH,2018,,Bowler,,,,
8,Sandeep Sharma,30000000,SRH,2018,,Bowler,,,,
9,Kane Williamson,30000000,SRH,2018,,Batsman,,,,
10,Carlos Brathwaite,20000000,SRH,2018,,All-Rounder,,,,
11,Shakib Al Hasan,20000000,SRH,2018,,All-Rounder,,,,
12,Yusuf Pathan,19000000,SRH,2018,,All-Rounder,,,,
13,Shreevats Goswami,10000000,SRH,2018,,Wicket Keeper,,,,
14,Mohammad Nabi,10000000,SRH,2018,,All-Rounder,,,,
15,Chris Jordan,10000000,SRH,2018,,All-Rounder,,,,
16,Basil Thampi,9500000,SRH,2018,,Bowler,,,,
17,Billy Stanlake,5000000,SRH,2018,,Batsman,,,,
18,T Natarajan,4000000,SRH,2018,,Bowler,,,,
19,Sachin Baby,2000000,SRH,2018,,Batsman,,,,
20,Bipul Sharma,2000000,SRH,2018,,All-Rounder,,,,
21,Syed Mehdi Hasan,2000000,SRH,2018,,All-Rounder,,,,
22,Ricky Bhui,2000000,SRH,2018,,Batsman,,,,
23,Tanmay Agarwal,2000000,SRH,2018,,Batsman,,,,
1,Kagiso Rabada,50000000,DD,2017,,Bowler,,,,
2,Pat Cummins,45000000,DD,2017,,Bowler,,,,
3,Angelo Mathews,20000000,DD,2017,,All-Rounder,,,,
4,Corey Anderson,10000000,DD,2017,,All-Rounder,,,,
5,M. Ashwin,10000000,DD,2017,,Bowler,,,,
6,Aditya Tare,2500000,DD,2017,,Wicket Keeper,,,,
7,Ankeet Bawane,1000000,DD,2017,,Batsman,,,,
8,Navdeep Saini,1000000,DD,2017,,Bowler,,,,
9,Shashank Singh,1000000,DD,2017,,All-Rounder,,,,
1,Jason Roy,10000000,GL,2017,,Batsman,,,,
2,Basil Thampi,8500000,GL,2017,,Bowler,,,,
3,Manpreet Gony,6000000,GL,2017,,Bowler,,,,
4,Nathu Singh,5000000,GL,2017,,Bowler,,,,
5,Munaf Patel,3000000,GL,2017,,Bowler,,,,
6,Akshdeep Nath,1000000,GL,2017,,All-Rounder,,,,
7,Shubam Agrawal,1000000,GL,2017,,All-Rounder,,,,
8,Tejas Singh Baroka,1000000,GL,2017,,Bowler,,,,
9,Chirag Suri,1000000,GL,2017,,Batsman,,,,
10,Pratham Singh,1000000,GL,2017,,All-Rounder,,,,
11,Shelley Shaurya,1000000,GL,2017,,Bowler,,,,
1,T Natarajan,30000000,KXIP,2017,,Bowler,,,,
2,Varun Aaron,28000000,KXIP,2017,,Bowler,,,,
3,Eoin Morgan,20000000,KXIP,2017,,Batsman,,,,
4,Matt Henry,5000000,KXIP,2017,,Bowler,,,,
5,Martin Guptill,5000000,KXIP,2017,,Batsman,,,,
6,Darren Sammy,3000000,KXIP,2017,,All-Rounder,,,,
7,Rahul Tewatia,2500000,KXIP,2017,,All-Rounder,,,,
8,Rinku Singh,1000000,KXIP,2017,,Batsman,,,,
1,Trent Boult,50000000,KKR,2017,,Bowler,,,,
2,Chris Woakes,42000000,KKR,2017,,All-Rounder,,,,
3,Nathan Coulter-Nile,35000000,KKR,2017,,Bowler,,,,
4,Rishi Dhawan,5500000,KKR,2017,,All-Rounder,,,,
5,Darren Bravo,5000000,KKR,2017,,Batsman,,,,
6,Rovman Powell,3000000,KKR,2017,,All-Rounder,,,,
7,Sayan Ghosh,1000000,KKR,2017,,Bowler,,,,
8,R. Sanjay Yadav,1000000,KKR,2017,,All-Rounder,,,,
9,Ishank Jaggi,1000000,KKR,2017,,Batsman,,,,
1,Karn Sharma,32000000,MI,2017,,All-Rounder,,,,
2,Krishnappa Gowtham,20000000,MI,2017,,All-Rounder,,,,
3,Mitchell Johnson,20000000,MI,2017,,Bowler,,,,
4,Asela Gunarathna,3000000,MI,2017,,Batsman,,,,
5,Saurabh Tiwary,3000000,MI,2017,,Batsman,,,,
6,Nicolas Pooran,3000000,MI,2017,,Wicket Keeper,,,,
7,Kulwant Khejroliya,1000000,MI,2017,,Bowler,,,,
1,Benjamin Stokes,145000000,RPS,2017,,All-Rounder,,,,
2,Dan Christian,10000000,RPS,2017,,All-Rounder,,,,
3,Manoj Tiwary,5000000,RPS,2017,,Batsman,,,,
4,Lockie Ferguson,5000000,RPS,2017,,Bowler,,,,
5,Jaydev Unadkat,3000000,RPS,2017,,Bowler,,,,
6,Rahul Chahar,1000000,RPS,2017,,Bowler,,,,
7,Saurabh Kumar,1000000,RPS,2017,,Bowler,,,,
8,Milind Tandon,1000000,RPS,2017,,All-Rounder,,,,
9,Rahul Ajay Tripathi,1000000,RPS,2017,,All-Rounder,,,,
1,Tymal Mills,120000000,RCB,2017,,Bowler,,,,
2,Aniket Choudhary,20000000,RCB,2017,,Bowler,,,,
3,Pawan Negi,10000000,RCB,2017,,All-Rounder,,,,
4,Billy Stanlake,3000000,RCB,2017,,Bowler,,,,
5,Praveen Dubey,1000000,RCB,2017,,All-Rounder,,,,
1,Rashid Khan Arman,40000000,SRH,2017,,Bowler,,,,
2,Mohammed Siraj,26000000,SRH,2017,,Bowler,,,,
3,Eklavya Dwivedi,7500000,SRH,2017,,Wicket Keeper,,,,
4,Chris Jordan,5000000,SRH,2017,,All-Rounder,,,,
5,Mohammad Nabi,3000000,SRH,2017,,All-Rounder,,,,
6,Ben Laughlin,3000000,SRH,2017,,Bowler,,,,
7,Pravin Tambe,1000000,SRH,2017,,Bowler,,,,
8,Tanmay Agarwal,1000000,SRH,2017,,Batsman,,,,
1,Pawan Negi,85000000,DD,2016,,All-Rounder,,,,
2,Christopher Morris,70000000,DD,2016,,All-Rounder,,,,
3,Sanju Samson,42000000,DD,2016,,Wicket Keeper,,,,
4,Carlos Brathwaite,42000000,DD,2016,,All-Rounder,,,,
5,Karun Nair,40000000,DD,2016,,Batsman,,,,
6,Rishabh Pant,19000000,DD,2016,,Wicket Keeper,,,,
7,Joel Paris,3000000,DD,2016,,Bowler,,,,
8,Sam Billings,3000000,DD,2016,,Wicket Keeper,,,,
9,Chama Milind,1000000,DD,2016,,Bowler,,,,
10,Pratyush Singh,1000000,DD,2016,,All-Rounder,,,,
11,Mahipal Lomror,1000000,DD,2016,,All-Rounder,,,,
12,Syed Khaleel Ahmed,1000000,DD,2016,,All-Rounder,,,,
13,Akhil Arvind Herwadkar,1000000,DD,2016,,All-Rounder,,,,
14,Pawan Suyal,1000000,DD,2016,,Bowler,,,,
1,Praveen Kumar,35000000,GL,2016,,Bowler,,,,
2,Dale Steyn,23000000,GL,2016,,Bowler,,,,
3,Dinesh Karthik,23000000,GL,2016,,Wicket Keeper,,,,
4,Dwayne Smith,23000000,GL,2016,,All-Rounder,,,,
5,Dhawal Kulkarni,20000000,GL,2016,,Bowler,,,,
6,Aaron Finch,10000000,GL,2016,,Batsman,,,,
7,Eklavya Dwivedi,10000000,GL,2016,,Wicket Keeper,,,,
8,Andrew Tye,5000000,GL,2016,,All-Rounder,,,,
9,Ishan Kishan,3500000,GL,2016,,Wicket Keeper,,,,
10,Jaydev Shah,2000000,GL,2016,,All-Rounder,,,,
11,Shadab Jakati,2000000,GL,2016,,All-Rounder,,,,
12,Pravin Tambe,2000000,GL,2016,,Bowler,,,,
13,Pradeep Sangwan,2000000,GL,2016,,All-Rounder,,,,
14,Amit Mishra,1000000,GL,2016,,Bowler,,,,
15,Shivil Kaushik,1000000,GL,2016,,Bowler,,,,
16,Akshdeep Nath,1000000,GL,2016,,All-Rounder,,,,
17,Sarabjit Ladda,1000000,GL,2016,,Bowler,,,,
18,Umang Sharma,1000000,GL,2016,,Batsman,,,,
19,Paras Dogra,1000000,GL,2016,,Batsman,,,,
1,Mohit Sharma,65000000,KXIP,2016,,Bowler,,,,
2,Kyle Abbott,21000000,KXIP,2016,,Bowler,,,,
3,K.C. Cariappa,8000000,KXIP,2016,,Bowler,,,,
4,Marcus Stoinis,5500000,KXIP,2016,,All-Rounder,,,,
5,Farhaan Behardien,3000000,KXIP,2016,,All-Rounder,,,,
6,Pardeep Sahu,1000000,KXIP,2016,,All-Rounder,,,,
7,Armaan Jaffer,1000000,KXIP,2016,,Batsman,,,,
8,Swapnil Singh,1000000,KXIP,2016,,All-Rounder,,,,
1,Jaydev Unadkat,16000000,KKR,2016,,Bowler,,,,
2,Ankit Singh Rajpoot,15000000,KKR,2016,,Bowler,,,,
3,John Hastings,13000000,KKR,2016,,Bowler,,,,
4,Jason Holder,7000000,KKR,2016,,All-Rounder,,,,
5,Colin Munro,3000000,KKR,2016,,All-Rounder,,,,
6,Rajagopal Sathish,2000000,KKR,2016,,All-Rounder,,,,
7,Manan Ajay Sharma,1000000,KKR,2016,,All-Rounder,,,,
1,Jos Buttler,38000000,MI,2016,,Wicket Keeper,,,,
2,Nathu Singh,32000000,MI,2016,,Bowler,,,,
3,Tim Southee,25000000,MI,2016,,Bowler,,,,
4,Krunal Pandya,20000000,MI,2016,,All-Rounder,,,,
5,Kishore Pramod Kamath,14000000,MI,2016,,All-Rounder,,,,
6,Deepak Punia,1000000,MI,2016,,All-Rounder,,,,
7,Jitesh Sharma,1000000,MI,2016,,Wicket Keeper,,,,
1,Mitchell Marsh,48000000,RPS,2016,,All-Rounder,,,,
2,M. Ashwin,45000000,RPS,2016,,Bowler,,,,
3,Ishant Sharma,38000000,RPS,2016,,Bowler,,,,
4,Kevin Pietersen,35000000,RPS,2016,,Batsman,,,,
5,Irfan Pathan,10000000,RPS,2016,,All-Rounder,,,,
6,Thisara Perera,10000000,RPS,2016,,All-Rounder,,,,
7,Rajat Bhatia,6000000,RPS,2016,,All-Rounder,,,,
8,Ashok Dinda,5000000,RPS,2016,,Bowler,,,,
9,Scott Boland,5000000,RPS,2016,,Bowler,,,,
10,Peter Handscomb,3000000,RPS,2016,,Wicket Keeper,,,,
11,Rudra Pratap Singh,3000000,RPS,2016,,Bowler,,,,
12,Adam Zampa,3000000,RPS,2016,,Bowler,,,,
13,Ishwar Chandra Pandey,2000000,RPS,2016,,Bowler,,,,
14,Deepak Chahar,1000000,RPS,2016,,All-Rounder,,,,
15,Jaskaran Singh,1000000,RPS,2016,,Bowler,,,,
16,Baba Aparajith,1000000,RPS,2016,,All-Rounder,,,,
17,Ankush Bains,1000000,RPS,2016,,Wicket Keeper,,,,
18,Ankit Sharma,1000000,RPS,2016,,All-Rounder,,,,
1,Shane Watson,95000000,RCB,2016,,All-Rounder,,,,
2,Stuart Binny,20000000,RCB,2016,,All-Rounder,,,,
3,Kane Richardson,20000000,RCB,2016,,Bowler,,,,
4,Samuel Badree,5000000,RCB,2016,,Bowler,,,,
5,Travis Head,5000000,RCB,2016,,Batsman,,,,
6,Praveen Dubey,3500000,RCB,2016,,All-Rounder,,,,
7,Vikramjeet Malik,2000000,RCB,2016,,Bowler,,,,
8,Akshay Karnewar,1000000,RCB,2016,,All-Rounder,,,,
9,Iqbal Abdullah,1000000,RCB,2016,,All-Rounder,,,,
10,Sachin Baby,1000000,RCB,2016,,Batsman,,,,
11,Vikas Tokas,1000000,RCB,2016,,Bowler,,,,
1,Yuvraj Singh,70000000,SRH,2016,,All-Rounder,,,,
2,Ashish Nehra,55000000,SRH,2016,,Bowler,,,,
3,Deepak Hooda,42000000,SRH,2016,,All-Rounder,,,,
4,Mustafizur Rahman,14000000,SRH,2016,,Bowler,,,,
5,Aditya Tare,12000000,SRH,2016,,Wicket Keeper,,,,
6,Barinder Singh Sran,12000000,SRH,2016,,Bowler,,,,
7,Ben Cutting,5000000,SRH,2016,,All-Rounder,,,,
8,Vijay Shankar,3500000,SRH,2016,,All-Rounder,,,,
9,Abhimanyu Mithun,3000000,SRH,2016,,Bowler,,,,
10,Tirumalasetti Suman,1000000,SRH,2016,,Batsman,,,,
1,Michael Hussey,15000000,CSK,2015,,Batsman,,,,
2,Irfan Pathan,15000000,CSK,2015,,All-Rounder,,,,
3,Rahul Sharma,3000000,CSK,2015,,Bowler,,,,
4,Kyle Abbott,3000000,CSK,2015,,Bowler,,,,
5,Andrew Tye,2000000,CSK,2015,,Bowler,,,,
6,Pratyush Singh,1000000,CSK,2015,,All-Rounder,,,,
7,Ankush Bains,1000000,CSK,2015,,Wicket Keeper,,,,
8,Eklavya Dwivedi,1000000,CSK,2015,,Wicket Keeper,,,,
1,Yuvraj Singh,160000000,DD,2015,,Batsman,,,,
2,Angelo Mathews,75000000,DD,2015,,All-Rounder,,,,
3,Zaheer Khan,40000000,DD,2015,,Bowler,,,,
4,Amit Mishra,35000000,DD,2015,,Bowler,,,,
5,Shreyas Iyer,26000000,DD,2015,,Batsman,,,,
6,Gurinder Sandhu,17000000,DD,2015,,Bowler,,,,
7,Jaydev Unadkat,11000000,DD,2015,,Bowler,,,,
8,Domnic Joseph Muthuswamy,7500000,DD,2015,,Bowler,,,,
9,Albie Morkel,3000000,DD,2015,,All-Rounder,,,,
10,Travis Head,3000000,DD,2015,,Batsman,,,,
11,Marcus Stoinis,2500000,DD,2015,,All-Rounder,,,,
12,C.M. Gautam,2000000,DD,2015,,Wicket Keeper,,,,
13,K.S. Bharat,1000000,DD,2015,,Wicket Keeper,,,,
14,K.K. Jiyaz,1000000,DD,2015,,Bowler,,,,
1,Murali Vijay,30000000,KXIP,2015,,Batsman,,,,
2,Nikhil Shankar Naik,3000000,KXIP,2015,,Wicket Keeper,,,,
3,Yogesh Gowalkar,1000000,KXIP,2015,,All-Rounder,,,,
1,K.C. Cariappa,24000000,KXIP,2015,,Bowler,,,,
2,James Neesham,5000000,KXIP,2015,,All-Rounder,,,,
3,Brad Hogg,5000000,KXIP,2015,,Bowler,,,,
4,Aditya Garhwal,2500000,KXIP,2015,,All-Rounder,,,,
5,Sheldon Jackson,1500000,KXIP,2015,,Batsman,,,,
6,Sumit Narwal,1000000,KXIP,2015,,All-Rounder,,,,
7,Vaibhav Rawal,1000000,KXIP,2015,,All-Rounder,,,,
1,Aaron Finch,32000000,KKR,2015,,Batsman,,,,
2,Pragyan Ojha,5000000,KKR,2015,,Bowler,,,,
3,Abhimanyu Mithun,3000000,KKR,2015,,Bowler,,,,
4,Mitchell McClenaghan,3000000,KKR,2015,,Bowler,,,,
5,Aiden Blizzard,3000000,KKR,2015,,Batsman,,,,
6,Hardik Pandya,1000000,KKR,2015,,All-Rounder,,,,
7,Akshay Wakhare,1000000,KKR,2015,,Bowler,,,,
8,Nitish Rana,1000000,KKR,2015,,All-Rounder,,,,
9,Siddhesh Dinesh Lad,1000000,KKR,2015,,All-Rounder,,,,
10,J. Suchitch,1000000,KKR,2015,,All-Rounder,,,,
1,Christopher Morris,14000000,MI,2015,,All-Rounder,,,,
2,Juan Theron,3000000,MI,2015,,Bowler,,,,
3,Barinder Singh Saran,1000000,MI,2015,,Bowler,,,,
4,Dinesh Salunkhe,1000000,MI,2015,,All-Rounder,,,,
5,Sagar Trivedi,1000000,MI,2015,,All-Rounder,,,,
6,Pardeep Sahu,1000000,MI,2015,,All-Rounder,,,,
1,Dinesh Karthik,105000000,RCB,2015,,Wicket Keeper,,,,
2,Darren Sammy,28000000,RCB,2015,,All-Rounder,,,,
3,David Wiese,28000000,RCB,2015,,All-Rounder,,,,
4,Sean Abbott,10000000,RCB,2015,,Bowler,,,,
5,Adam Milne,7000000,RCB,2015,,Bowler,,,,
6,Sarfaraz Naushad Khan,5000000,RCB,2015,,Batsman,,,,
7,Subramaniam Badrinath,3000000,RCB,2015,,Batsman,,,,
8,Jalaj Saxena,1000000,RCB,2015,,All-Rounder,,,,
9,Shishir Bhavane,1000000,RCB,2015,,Batsman,,,,
1,Trent Boult,38000000,SRH,2015,,Bowler,,,,
2,Praveen Kumar,22000000,SRH,2015,,Bowler,,,,
3,Kevin Pietersen,20000000,SRH,2015,,Batsman,,,,
4,Eoin Morgan,15000000,SRH,2015,,Batsman,,,,
5,Ravi Bopara,10000000,SRH,2015,,All-Rounder,,,,
6,Kane Williamson,6000000,SRH,2015,,All-Rounder,,,,
7,Laxmi Ratan Shukla,3000000,SRH,2015,,All-Rounder,,,,
8,Prasanth Padmanabhan,1000000,SRH,2015,,All-Rounder,,,,
9,Hanuma Vihari,1000000,SRH,2015,,Batsman,,,,
10,Siddharth  Kaul,1000000,SRH,2015,,Bowler,,,,
1,Faf Du Plessis,47500000,CSK,2014,,Batsman,,,,
2,Dwayne Smith,45000000,CSK,2014,,Batsman,,,,
3,Brendon McCullum,32500000,CSK,2014,,Wicket Keeper,,,,
4,Ashish Nehra,20000000,CSK,2014,,Bowler,,,,
5,Mohit Sharma,20000000,CSK,2014,,Bowler,,,,
6,Ishwar Chandra Pandey,15000000,CSK,2014,,Bowler,,,,
7,Ben Hilfenhaus,10000000,CSK,2014,,Bowler,,,,
8,John Hastings,5000000,CSK,2014,,All-Rounder,,,,
9,Samuel Badree,3000000,CSK,2014,,Bowler,,,,
10,Matt Henry,3000000,CSK,2014,,Bowler,,,,
11,Mithun Manhas,3000000,CSK,2014,,All-Rounder,,,,
12,Vijay Shankar,1000000,CSK,2014,,All-Rounder,,,,
13,Ronit More,1000000,CSK,2014,,Bowler,,,,
14,Baba Aparajith,1000000,CSK,2014,,Batsman,,,,
15,Pawan Negi,1000000,CSK,2014,,Bowler,,,,
1,Dinesh Karthik,125000000,DD,2014,,Wicket Keeper,,,,
2,Kevin Pietersen,90000000,DD,2014,,Batsman,,,,
3,Murali Vijay,50000000,DD,2014,,Batsman,,,,
4,Mohammad Shami,42500000,DD,2014,,Bowler,,,,
5,Nathan Coulter-Nile,42500000,DD,2014,,Bowler,,,,
6,Quinton De Kock,35000000,DD,2014,,Wicket Keeper,,,,
7,Manoj Tiwary,28000000,DD,2014,,Batsman,,,,
8,Jaydev Unadkat,28000000,DD,2014,,Bowler,,,,
9,Jean-Paul Duminy,22000000,DD,2014,,Batsman,,,,
10,Ross Taylor,20000000,DD,2014,,Batsman,,,,
11,Kedar Jadhav,20000000,DD,2014,,Batsman,,,,
12,Rahul Sharma,19000000,DD,2014,,Bowler,,,,
13,Mayank Agarwal,16000000,DD,2014,,Batsman,,,,
14,Laxmi Ratan Shukla,15000000,DD,2014,,All-Rounder,,,,
15,James Neesham,10000000,DD,2014,,All-Rounder,,,,
16,Wayne Parnell,10000000,DD,2014,,Bowler,,,,
17,Shahbaz Nadeem,8500000,DD,2014,,Bowler,,,,
18,Saurabh Tiwary,7000000,DD,2014,,Batsman,,,,
19,Siddharth  Kaul,4500000,DD,2014,,Bowler,,,,
20,Rahul Shukla,4000000,DD,2014,,Bowler,,,,
21,Jayant Yadav,1000000,DD,2014,,All-Rounder,,,,
22,HS Sharath,1000000,DD,2014,,Bowler,,,,
23,Milind Kumar,1000000,DD,2014,,Batsman,,,,
1,Mitchell Johnson,65000000,KXIP,2014,,All-Rounder,,,,
2,Glenn Maxwell,60000000,KXIP,2014,,All-Rounder,,,,
3,George Bailey,32500000,KXIP,2014,,Batsman,,,,
4,Virender Sehwag,32000000,KXIP,2014,,Batsman,,,,
5,Rishi Dhawan,30000000,KXIP,2014,,All-Rounder,,,,
6,Wriddhiman Saha,22000000,KXIP,2014,,Wicket Keeper,,,,
7,Shaun Marsh,22000000,KXIP,2014,,Batsman,,,,
8,Cheteshwar Pujara,19000000,KXIP,2014,,Batsman,,,,
9,Beuran Hendricks,18000000,KXIP,2014,,Bowler,,,,
10,Lakshmipathy Balaji,18000000,KXIP,2014,,Bowler,,,,
11,Thisara Perera,16000000,KXIP,2014,,All-Rounder,,,,
12,Gurkirat Singh Mann,13000000,KXIP,2014,,Batsman,,,,
13,Murali Kartik,10000000,KXIP,2014,,Bowler,,,,
14,Sandeep Sharma,8500000,KXIP,2014,,Bowler,,,,
15,Mandeep Hardev Singh,8000000,KXIP,2014,,All-Rounder,,,,
16,Akshar Rajesh Patel,7500000,KXIP,2014,,All-Rounder,,,,
17,Parvinder Awana,6500000,KXIP,2014,,Bowler,,,,
18,Shardul Narendra Thakur,2000000,KXIP,2014,,Bowler,,,,
19,Anureet Singh,2000000,KXIP,2014,,Bowler,,,,
20,Shivam Sharma,1000000,KXIP,2014,,Bowler,,,,
21,Karanveer Singh,1000000,KXIP,2014,,All-Rounder,,,,
1,Jacques Kallis,55000000,KKR,2014,,All-Rounder,,,,
2,Robin Uthappa,50000000,KKR,2014,,Batsman,,,,
3,Piyush Chawla,42500000,KKR,2014,,Bowler,,,,
4,Yusuf Pathan,32500000,KKR,2014,,All-Rounder,,,,
5,Shakib Al Hasan,28000000,KKR,2014,,All-Rounder,,,,
6,Morne Morkel,28000000,KKR,2014,,Bowler,,,,
7,Ranganath Vinay Kumar,28000000,KKR,2014,,Bowler,,,,
8,Umesh Yadav,26000000,KKR,2014,,Bowler,,,,
9,Manish Pandey,17000000,KKR,2014,,Batsman,,,,
10,Chris Lynn,13000000,KKR,2014,,Batsman,,,,
11,Pat Cummins,10000000,KKR,2014,,Bowler,,,,
12,Ryan Ten Doeschate,10000000,KKR,2014,,All-Rounder,,,,
13,Suryakumar Yadav,7000000,KKR,2014,,Batsman,,,,
14,Andre Russell,6000000,KKR,2014,,All-Rounder,,,,
15,Manvinder Bisla,6000000,KKR,2014,,Wicket Keeper,,,,
16,Veer Pratap Singh,4000000,KKR,2014,,Bowler,,,,
17,Kuldeep Singh Yadav,4000000,KKR,2014,,Bowler,,,,
18,Debabrata Das,2000000,KKR,2014,,Wicket Keeper,,,,
19,Sayan Sekhar Mandal,1000000,KKR,2014,,All-Rounder,,,,
1,Michael Hussey,50000000,MI,2014,,Batsman,,,,
2,Corey Anderson,45000000,MI,2014,,All-Rounder,,,,
3,Pragyan Ojha,32500000,MI,2014,,Bowler,,,,
4,Zaheer Khan,26000000,MI,2014,,Bowler,,,,
5,Aditya Tare,16000000,MI,2014,,Wicket Keeper,,,,
6,Jasprit Bumrah,12000000,MI,2014,,Bowler,,,,
7,Jalaj Saxena,9000000,MI,2014,,All-Rounder,,,,
8,Josh Hazlewood,5000000,MI,2014,,Bowler,,,,
9,Marchant De Lange,3000000,MI,2014,,Bowler,,,,
10,Krismar Santokie,3000000,MI,2014,,Bowler,,,,
11,Ben Dunk,2000000,MI,2014,,Wicket Keeper,,,,
12,C.M. Gautam,2000000,MI,2014,,Wicket Keeper,,,,
13,Apoorv Vijay Wankhade,1000000,MI,2014,,Batsman,,,,
14,Pawan Suyal,1000000,MI,2014,,Bowler,,,,
15,Sushant Marathe,1000000,MI,2014,,Wicket Keeper,,,,
16,Shreyas Gopal,1000000,MI,2014,,Bowler,,,,
1,Steve Smith,40000000,RR,2014,,All-Rounder,,,,
2,Brad Hodge,24000000,RR,2014,,Batsman,,,,
3,Rajat Bhatia,17000000,RR,2014,,All-Rounder,,,,
4,Tim Southee,12000000,RR,2014,,Bowler,,,,
5,Dhawal Kulkarni,11000000,RR,2014,,Bowler,,,,
6,Abhishek Nayar,10000000,RR,2014,,All-Rounder,,,,
7,Kane Richardson,10000000,RR,2014,,Bowler,,,,
8,Ben Cutting,8000000,RR,2014,,Bowler,,,,
9,Karun Nair,7500000,RR,2014,,Batsman,,,,
10,Unmukt Chand,6500000,RR,2014,,Batsman,,,,
11,Iqbal Abdullah,6500000,RR,2014,,All-Rounder,,,,
12,Deepak Hooda,4000000,RR,2014,,Bowler,,,,
13,Dishant Yagnik,3000000,RR,2014,,Wicket Keeper,,,,
14,Kevon Cooper,3000000,RR,2014,,All-Rounder,,,,
15,Vikramjeet Malik,2000000,RR,2014,,Bowler,,,,
16,Ankit Nagendra Sharma,1000000,RR,2014,,Bowler,,,,
17,Rahul Tewatia,1000000,RR,2014,,All-Rounder,,,,
18,Ankush Bains,1000000,RR,2014,,Wicket Keeper,,,,
19,Amit Mishra,1000000,RR,2014,,Bowler,,,,
20,Pravin Tambe,1000000,RR,2014,,Bowler,,,,
1,Yuvraj Singh,140000000,RCB,2014,,All-Rounder,,,,
2,Mitchell Starc,50000000,RCB,2014,,Bowler,,,,
3,Albie Morkel,24000000,RCB,2014,,All-Rounder,,,,
4,Varun Aaron,20000000,RCB,2014,,Bowler,,,,
5,Ashok Dinda,15000000,RCB,2014,,Bowler,,,,
6,Parthiv Patel,14000000,RCB,2014,,Wicket Keeper,,,,
7,Muttiah Muralitharan,10000000,RCB,2014,,Bowler,,,,
8,Ravi Rampaul,9000000,RCB,2014,,Bowler,,,,
9,Nic Maddinson,5000000,RCB,2014,,Batsman,,,,
10,Harshal Patel,4000000,RCB,2014,,Bowler,,,,
11,Vijay Zol,3000000,RCB,2014,,Batsman,,,,
12,Abu Nechim Ahmed,3000000,RCB,2014,,Bowler,,,,
13,Sachin Rana,2000000,RCB,2014,,Bowler,,,,
14,Shadab Jakati,2000000,RCB,2014,,Bowler,,,,
15,Sandeep Warrier,1000000,RCB,2014,,Bowler,,,,
16,Tanmay Mishra,1000000,RCB,2014,,Batsman,,,,
17,Yogesh Takawale,1000000,RCB,2014,,Wicket Keeper,,,,
18,Yuzvendra Singh Chahal,1000000,RCB,2014,,Bowler,,,,
1,David Warner,55000000,SRH,2014,,Batsman,,,,
2,Amit Mishra,47500000,SRH,2014,,Bowler,,,,
3,Bhuvneshwar Kumar,42500000,SRH,2014,,Bowler,,,,
4,Aaron Finch,40000000,SRH,2014,,Batsman,,,,
5,Karn Sharma,37500000,SRH,2014,,Bowler,,,,
6,Darren Sammy,35000000,SRH,2014,,All-Rounder,,,,
7,Ishant Sharma,26000000,SRH,2014,,Bowler,,,,
8,Irfan Pathan,24000000,SRH,2014,,All-Rounder,,,,
9,Moises Henriques,10000000,SRH,2014,,All-Rounder,,,,
10,KL Rahul,10000000,SRH,2014,,Batsman,,,,
11,Parveez Rasool,9500000,SRH,2014,,All-Rounder,,,,
12,Jason Holder,7500000,SRH,2014,,Bowler,,,,
13,Venugopal Rao,5500000,SRH,2014,,Batsman,,,,
14,Naman Ojha,5000000,SRH,2014,,Wicket Keeper,,,,
15,Brendan Taylor,3000000,SRH,2014,,Wicket Keeper,,,,
16,Prasanth Parameswaran,3000000,SRH,2014,,Bowler,,,,
17,Amit Paunikar,2000000,SRH,2014,,Wicket Keeper,,,,
18,Ashish Reddy,2000000,SRH,2014,,Bowler,,,,
19,Srikkanth Anirudha,2000000,SRH,2014,,Batsman,,,,
20,Ricky Bhui,1000000,SRH,2014,,Batsman,,,,
21,Chama Milind,1000000,SRH,2014,,Bowler,,,,
22,Manprit Juneja,1000000,SRH,2014,,Batsman,,,,
